"mode","scenario","rep","seed","start","ok","reason","log10_l1","log10_l2","log_ratio","global_gcv","gdf","gdf_se","test_mse","ise","delta_gcv_vs_oracle","delta_mse_vs_oracle","delta_ise_vs_oracle","dist_to_oracle","at_boundary","elapsed_sec"
"FULL","smooth_smooth",1,20260829,"low",TRUE,NA,-1.18632834761832,-1.21012599122393,0.0237976436056166,0.159776570620305,27.3701769926337,1.38430458099313,0.163004714731665,0.0398211409600193,-0.00106036021085348,0.00350818064203579,0.00133609496184974,0.344594245584687,FALSE,0.365
"FULL","smooth_smooth",1,20260829,"central",TRUE,NA,-1.11941948508999,-1.13914561046684,0.0197261253768444,0.15961220947439,26.3857045694005,1.35250552994139,0.162917047686095,0.0398863990557732,-0.00122472135676877,0.003420513596466,0.00140135305760363,0.380101175826267,FALSE,0.201
"FULL","smooth_smooth",1,20260829,"high",TRUE,NA,-1.02355103349359,-1.05217363854528,0.0286226050516918,0.159756214716884,25.0997295193119,1.30770867440849,0.163039153814962,0.0403042073047202,-0.00108071611427488,0.00354261972533293,0.00181916130655057,0.448445204224988,FALSE,0.159
"FULL","smooth_smooth",2,20260926,"low",TRUE,NA,-1.30671917624384,-1.41708946570664,0.110370289462794,0.15687459326959,30.0626700509869,1.17849021118563,0.115884620597746,0.0183526943701337,-0.000817276538153167,0.00567525769542866,0.00483717347266002,0.317727571627821,FALSE,0.187000000000001
"FULL","smooth_smooth",2,20260926,"central",TRUE,NA,-1.22749756375625,-1.32036385010266,0.0928662863464129,0.156813781835295,28.7610422947975,1.1354375245722,0.114561659199777,0.0173672333853063,-0.000878087972448371,0.00435229629745927,0.00385171248783262,0.289869432443243,FALSE,0.161999999999999
"FULL","smooth_smooth",2,20260926,"high",TRUE,NA,-1.12514388056664,-1.2380447712298,0.112900890663152,0.15709727503527,27.4097529275705,1.08987920208463,0.112941373693805,0.016197101233898,-0.000594594772473506,0.00273201079148698,0.00268158033642439,0.290312818737527,FALSE,0.178999999999998
"FULL","smooth_smooth",3,20261023,"low",TRUE,NA,-1.59674453966052,-1.26144594323374,-0.335298596426783,0.138428902584433,30.0394996743162,1.18549560937553,0.155853951747318,0.0314812996877661,-0.000363221848517198,-0.00337952698346217,-0.00340200130591745,0.278771388753411,FALSE,0.175000000000004
"FULL","smooth_smooth",3,20261023,"central",TRUE,NA,-1.49735578929523,-1.14289482337912,-0.354460965916115,0.138482179258764,28.536636542576,1.15593310601078,0.156762865899563,0.0323703421697562,-0.00030994517418681,-0.00247061283121683,-0.00251295882392735,0.142919286308042,FALSE,0.163999999999994
"FULL","smooth_smooth",3,20261023,"high",TRUE,NA,-1.3440895028903,-1.00735134409709,-0.336738158793209,0.13898720887107,26.6250392545912,1.1178500814632,0.158611930554414,0.0342058502191687,0.000195084438119442,-0.000621548176366504,-0.000677450774514893,0.156083712696192,FALSE,0.160000000000004
"FULL","smooth_smooth",4,20261120,"low",TRUE,NA,-1.73680728553505,-1.526291142086,-0.210516143449052,0.1426552645346,36.0684773902832,1.57563100534108,0.157642982471225,0.023724194354592,-0.000252596586199472,0.00185869846030398,0.0026213095672271,0.23826228118329,FALSE,0.164000000000001
"FULL","smooth_smooth",4,20261120,"central",TRUE,NA,-1.65154775356612,-1.43805965146917,-0.213488102096948,0.142696616742249,34.8291946037068,1.5643356672219,0.15640131379254,0.0221082915650849,-0.000211244378549996,0.000617029781618567,0.00100540677771998,0.163717220801777,FALSE,0.164999999999992
"FULL","smooth_smooth",4,20261120,"high",TRUE,NA,-1.48064061985072,-1.34701897601924,-0.133621643831484,0.143122288177254,32.9974618428073,1.55107147336543,0.155018890947051,0.0201254341329569,0.000214427056455024,-0.000765393063869968,-0.000977450654408008,0.154201100184032,FALSE,0.158000000000001
"FULL","smooth_smooth",5,20261217,"low",TRUE,NA,-1.01562982583444,-1.36886779460277,0.353237968768337,0.167050356042666,24.7042226980947,1.20832751049207,0.157542566647226,0.019387235461925,-0.000196850521258701,0.00128728471737466,0.000300384160084485,0.132060390533858,FALSE,0.173999999999992
"FULL","smooth_smooth",5,20261217,"central",TRUE,NA,-0.918744405147037,-1.27406009906535,0.355315693918313,0.167123534760969,23.4578349305726,1.18447508312304,0.159820482305798,0.0209863986333199,-0.000123671802955055,0.00356520037594682,0.00189954733147944,0.240106873140417,FALSE,0.234999999999999
"FULL","smooth_smooth",5,20261217,"high",TRUE,NA,-0.818338692183162,-1.16899250444939,0.35065381226623,0.167668227370637,22.1634339993612,1.15727173808714,0.163040969808793,0.0233088877597269,0.000421020806712802,0.00678568787894099,0.00422203645788639,0.377580180714519,FALSE,0.165999999999997
"FULL","smooth_smooth",6,20261314,"low",TRUE,NA,-1.44287812967068,-1.43151155770186,-0.0113665719688276,0.14520014291977,31.044144997828,1.12352462463131,0.172334576490563,0.0313344176708454,-0.000210170972135187,-0.00136564854616328,-0.00100966760818132,0.0891828167213006,FALSE,0.161000000000001
"FULL","smooth_smooth",6,20261314,"central",TRUE,NA,-1.36844721171614,-1.34189937443772,-0.0265478372784206,0.145078783984444,29.8138436188636,1.10456020785707,0.17080568308211,0.030261028813531,-0.00033152990746127,-0.00289454195461641,-0.00208305646549574,0.205674363760883,FALSE,0.159999999999997
"FULL","smooth_smooth",6,20261314,"high",TRUE,NA,-1.24347786873526,-1.24907357904787,0.00559571031260964,0.14520555679438,28.1978534814416,1.08366181767047,0.169242769630917,0.0292637007506531,-0.000204757097525599,-0.00445745540580961,-0.00308038452837368,0.358842127627811,FALSE,0.167999999999992
"FULL","smooth_smooth",7,20261411,"low",TRUE,NA,-1.50260864539287,-1.68607154777422,0.183462902381348,0.145947907687467,36.2632657998307,1.54390841830253,0.160639180613762,0.0242455051423339,0.000268314591031993,0.00094822795010302,0.00188959967108723,0.186089832935279,FALSE,0.170000000000016
"FULL","smooth_smooth",7,20261411,"central",TRUE,NA,-1.43030645264223,-1.61864368728776,0.188337234645533,0.145759514300439,35.1131974986229,1.52033068851687,0.159722478694349,0.0231962901838096,7.99212040033526e-05,3.15260306897047e-05,0.000840384712562942,0.137599110013642,FALSE,0.159999999999997
"FULL","smooth_smooth",7,20261411,"high",TRUE,NA,-1.29010887442326,-1.47261861624167,0.182509741818405,0.145808444543687,32.7817635865776,1.47010123758958,0.158427724190685,0.0215958656341038,0.000128851447252248,-0.00126322847297458,-0.000760039837142894,0.21166961230274,FALSE,0.173000000000002
"FULL","smooth_smooth",8,20261508,"low",TRUE,NA,-1.3111227347136,-1.41505939943528,0.103936664721684,0.145820412571158,27.4646769693118,1.33841677132352,0.140957223376793,0.0219621638435689,-0.000356533183960339,0.00072139133160859,0.000157972937950897,0.207097868087442,FALSE,0.167000000000002
"FULL","smooth_smooth",8,20261508,"central",TRUE,NA,-1.28074293654318,-1.38316176247918,0.102418825935998,0.145812707985237,27.0266692919847,1.33551483617022,0.141330644366027,0.0222488283330584,-0.000364237769881759,0.00109481232084277,0.000444637427440327,0.248444830138768,FALSE,0.165999999999997
"FULL","smooth_smooth",8,20261508,"high",TRUE,NA,-1.20296008310839,-1.36650791810269,0.163547834994302,0.145869322161478,26.354890614073,1.32892251561487,0.142342706062506,0.0230087616003411,-0.000307623593640283,0.00210687401732113,0.00120457069472301,0.325657562719261,FALSE,0.174999999999983
"FULL","smooth_smooth",9,20261605,"low",TRUE,NA,-1.22299011414597,-1.67280250146469,0.449812387318717,0.120161489064002,30.8390431574342,1.40992150939411,0.151159246055904,0.0162081536970585,-0.000485083895591751,-0.00235108910116216,-0.00219598707286837,0.282108659064709,FALSE,0.16500000000002
"FULL","smooth_smooth",9,20261605,"central",TRUE,NA,-1.14069240934632,-1.58962127245404,0.448928863107722,0.120209004700664,29.674658637581,1.38912019902174,0.151790655097925,0.0167286611640373,-0.000437568258930279,-0.00171968005914092,-0.00167547960588952,0.166812249322269,FALSE,0.161999999999978
"FULL","smooth_smooth",9,20261605,"high",TRUE,NA,-1.02908972764021,-1.47486013025366,0.445770402613454,0.120612284122873,28.114391618565,1.36101229807835,0.153157980881024,0.0178906447754268,-3.42888367213939e-05,-0.000352354276042577,-0.000513495994500051,0.0384476957052607,FALSE,0.161000000000001
"FULL","smooth_smooth",10,20261702,"low",TRUE,NA,-1.17377623354913,-1.49235494847925,0.318578714930111,0.149554008643037,28.7574900482488,1.49057915204789,0.143778578178957,0.0176666431715798,-6.52694461061032e-05,-0.0010193938786463,-0.0013001988779041,0.173944319134826,FALSE,0.186000000000007
"FULL","smooth_smooth",10,20261702,"central",TRUE,NA,-1.09420063658853,-1.4060816451963,0.311881008607769,0.149517692257418,27.5799915957775,1.48528501600844,0.144509126989813,0.0182251803771285,-0.000101585831725454,-0.000288845067789478,-0.00074166167235535,0.133020364240661,FALSE,0.15900000000002
"FULL","smooth_smooth",10,20261702,"high",TRUE,NA,-0.988831169951745,-1.28452094990567,0.295689779953924,0.149986946383702,26.0105213903765,1.47233509195352,0.146270289417601,0.0197232961583346,0.000367668294558587,0.00147231735999814,0.000756454108850658,0.21576831044943,FALSE,0.161999999999978
"FULL","smooth_smooth",11,20261799,"low",TRUE,NA,-1.05755169401022,-1.38847282508682,0.330921131076608,0.141615554360778,27.0220738274975,0.997199730408975,0.14564857858754,0.0154718514676196,4.83562781202762e-05,-7.98398033587111e-05,0.000247135117638598,0.125501028790842,FALSE,0.159999999999997
"FULL","smooth_smooth",11,20261799,"central",TRUE,NA,-0.996084415711333,-1.36313911356808,0.367054697856743,0.141505467442766,26.3523604636474,0.982393448496769,0.145871980157583,0.0155924756147332,-6.17306398921491e-05,0.000143561766683648,0.000367759264752257,0.136916887326778,FALSE,0.157999999999987
"FULL","smooth_smooth",11,20261799,"high",TRUE,NA,-0.943944630003206,-1.28314836478339,0.339203734780186,0.141560668377622,25.4256966086939,0.965847947397988,0.146298074117491,0.0160375437905628,-6.52970503622896e-06,0.000569655726592205,0.000812827440581844,0.223979544158823,FALSE,0.188000000000017
"FULL","smooth_smooth",12,20261896,"low",TRUE,NA,-1.61552832989263,-1.35776793102914,-0.257760398863498,0.147743972399779,26.8758783539439,0.98251666652385,0.150406719907599,0.0278541215206175,-0.000586526271640048,-0.00576184620498324,-0.00549244087888681,0.409937100734833,FALSE,0.179999999999978
"FULL","smooth_smooth",12,20261896,"central",TRUE,NA,-1.44726407583861,-1.20347625851722,-0.243787817321395,0.147815324700068,24.7518668810237,0.966750157444532,0.149155302939362,0.027121428088996,-0.000515173971350869,-0.0070132631732199,-0.00622513431050834,0.627250612691202,FALSE,0.167999999999978
"FULL","smooth_smooth",12,20261896,"high",TRUE,NA,-1.02671985651468,-1.03787790239888,0.0111580458842026,0.149711813638885,21.0913733572122,0.937005035018963,0.148141626851348,0.0273559906072533,0.0013813149674656,-0.0080269392612338,-0.00599057179225097,1.07741870727868,FALSE,0.364999999999981
"FULL","smooth_smooth",13,20261993,"low",TRUE,NA,-1.53229255227181,-1.38026540132279,-0.15202715094902,0.126760238481008,32.5622958981197,1.2616498045101,0.139245034456595,0.0195014164761702,-0.00040049480164786,0.000171326173507264,0.000135200704012958,0.124012834225417,FALSE,0.230000000000018
"FULL","smooth_smooth",13,20261993,"central",TRUE,NA,-1.49037098006157,-1.29872598174878,-0.191644998312782,0.126672343631703,31.6175691271249,1.24023035685944,0.13949387483036,0.019623838527833,-0.000488389650953241,0.000420166547272283,0.000257622755675802,0.201504214467007,FALSE,0.166999999999973
"FULL","smooth_smooth",13,20261993,"high",TRUE,NA,-1.38306228684913,-1.21015647593394,-0.172905810915193,0.126901118443657,30.206733497859,1.20720526893113,0.139952951329786,0.019922003691824,-0.000259614838999417,0.000879243046698425,0.000555787919666793,0.312543912434702,FALSE,0.157000000000039
"FULL","smooth_smooth",14,20262090,"low",TRUE,NA,-1.53333214084914,-1.3756801558909,-0.157651984958236,0.137182496623395,28.6261827973578,0.726600066997943,0.153050788627977,0.0301339277230426,-8.32969412222218e-05,0.00133820889049285,0.00100952267630983,0.12871074256991,FALSE,0.170999999999992
"FULL","smooth_smooth",14,20262090,"central",TRUE,NA,-1.49175303560215,-1.31547683786666,-0.176276197735493,0.137272965481521,27.9512965549544,0.717869499394261,0.152733883115946,0.0299591815589925,7.17191690377539e-06,0.00102130337846137,0.000834776512259779,0.184707362564322,FALSE,0.158000000000015
"FULL","smooth_smooth",14,20262090,"high",TRUE,NA,-1.4516056942253,-1.23384797517841,-0.217757719046888,0.137534183843743,27.149064926289,0.70741608545355,0.15269801996387,0.0300488664789121,0.000268390279125563,0.000985440226385942,0.000924461432179342,0.270516005345423,FALSE,0.15500000000003
"FULL","smooth_smooth",15,20262187,"low",TRUE,NA,-1.30210450501739,-1.57895864909065,0.276854144073261,0.149651797253992,30.9688327755685,0.878836734174532,0.153699586095377,0.0313534670910443,-0.000565893195903694,-0.00295316391127454,-0.00137470324120226,0.213065940968127,FALSE,0.163999999999987
"FULL","smooth_smooth",15,20262187,"central",TRUE,NA,-1.23811651589795,-1.54929419851002,0.311177682612072,0.149631956689997,30.2416459557226,0.88567787815754,0.152579447333772,0.0305785183633479,-0.000585733759898177,-0.00407330267287989,-0.0021496519688986,0.266482414527067,FALSE,0.16700000000003
"FULL","smooth_smooth",15,20262187,"high",TRUE,NA,-1.13303819187822,-1.51953496546325,0.386496773585029,0.149860199808765,29.1877387211046,0.897743306888417,0.150840695138,0.0294753168938899,-0.000357490641130331,-0.00581205486865161,-0.00325285343835666,0.367481405646128,FALSE,0.158999999999992
"FULL","smooth_smooth",16,20262284,"low",TRUE,NA,-1.29065621103112,-1.25079395789458,-0.0398622531365411,0.139134897272407,28.1450322172357,1.21428978574261,0.159950062815211,0.0237558620028358,-0.000765045960591959,0.00123696637527448,-0.000400142556464634,0.325466547285122,FALSE,0.19300000000004
"FULL","smooth_smooth",16,20262284,"central",TRUE,NA,-1.22628628834558,-1.17723927310487,-0.0490470152407099,0.139221964543823,27.2276915652102,1.19834850860612,0.160667210963225,0.0239158985292861,-0.000677978689175934,0.00195411452328861,-0.000240106030014318,0.423194615718955,FALSE,0.158999999999992
"FULL","smooth_smooth",16,20262284,"high",TRUE,NA,-1.12018417918662,-1.10845224512061,-0.011731934066007,0.139592321198623,26.0703136451836,1.17994951788495,0.161625389624327,0.0241917785382823,-0.000307622034376093,0.00291229318439051,3.57739789819053e-05,0.545499497791917,FALSE,0.158000000000015
"FULL","smooth_smooth",17,20262381,"low",TRUE,NA,-1.15280311232873,-2.22011001712415,1.06730690479542,0.154963311058644,32.8445723320218,1.8634465069218,0.148234298104273,0.0244530516403056,-0.000468704929870917,-0.00287628448104116,-0.00368936657354413,0.318884295084583,FALSE,0.162000000000035
"FULL","smooth_smooth",17,20262381,"central",TRUE,NA,-1.04557624564629,-2.36435342415443,1.31877717850813,0.155169860981108,32.5534898147537,1.83974880104484,0.149812633850766,0.0263623448993758,-0.000262155007406784,-0.00129794873454817,-0.00178007331447393,0.143098524471219,FALSE,0.174000000000035
"FULL","smooth_smooth",17,20262381,"high",TRUE,NA,-0.927916550702119,-2.22496109927232,1.2970445485702,0.155619114939336,30.9767284115495,1.79889621674623,0.149976114271953,0.0248627820410736,0.00018709895082053,-0.001134468313362,-0.00327963617277615,0.28432801581302,FALSE,0.158999999999992
"FULL","smooth_smooth",18,20262478,"low",TRUE,NA,-1.04281447594301,-1.39030888526908,0.347494409326067,0.145785482724881,29.0493913053433,1.33165073299816,0.146329322849426,0.024278670394184,-0.000215461700674824,0.000343176510693127,-0.000118869405585253,0.117750668792951,FALSE,0.158999999999992
"FULL","smooth_smooth",18,20262478,"central",TRUE,NA,-0.978962098396969,-1.33329160092339,0.354329502526418,0.145800610268965,28.2182483356598,1.31061347144288,0.147010847582765,0.0251055158109579,-0.000200334156591042,0.00102470124403226,0.000707976011188622,0.16803060324401,FALSE,0.157999999999959
"FULL","smooth_smooth",18,20262478,"high",TRUE,NA,-0.886088495971346,-1.23903759424403,0.352949098272681,0.146177885476398,26.9535316261091,1.2772499016795,0.14846494524767,0.0267089488526193,0.0001769410508424,0.0024787989089379,0.00231140905285005,0.284740597681495,FALSE,0.177000000000021
"FULL","smooth_smooth",19,20262575,"low",TRUE,NA,-1.01162425551146,-1.35740287842987,0.34577862291841,0.153618273933717,27.976005017685,1.24126166003394,0.131684120910071,0.0260658023573082,-0.00119926755156571,-0.00258644912051256,-0.00235399623629862,0.357591863478678,FALSE,0.16799999999995
"FULL","smooth_smooth",19,20262575,"central",TRUE,NA,-0.934953811869959,-1.27668448101419,0.341730669144234,0.153559458628449,26.8800728005998,1.20838972945814,0.131810235012086,0.0262977994720351,-0.00125808285683382,-0.00246033501849705,-0.0021219991215717,0.284227564856652,FALSE,0.213000000000022
"FULL","smooth_smooth",19,20262575,"high",TRUE,NA,-0.83672646985272,-1.17059373735995,0.333867267507226,0.154048099441903,25.5000272952165,1.16567939421104,0.132401793712479,0.0270453204646584,-0.000769442043379892,-0.00186877631810445,-0.0013744781289484,0.23613654709339,FALSE,0.165999999999997
"FULL","smooth_smooth",20,20262672,"low",TRUE,NA,-0.99290644843001,-1.51792314976225,0.525016701332239,0.151636337417163,29.2999396307899,1.3917701818057,0.153498334383817,0.0231662602265043,3.0648942031114e-05,-7.48761891106731e-05,2.37792125273167e-06,0.0192758338672061,FALSE,0.164999999999964
"FULL","smooth_smooth",20,20262672,"central",TRUE,NA,-0.900125213508459,-1.38608973939405,0.48596452588559,0.151403325023522,27.7264736967151,1.37528263646069,0.154333070185953,0.0242079968645445,-0.000202363451609316,0.00075985961302541,0.00104411455929296,0.151494291800209,FALSE,0.158999999999992
"FULL","smooth_smooth",20,20262672,"high",TRUE,NA,-0.807874791847527,-1.25910191057454,0.451227118727016,0.151766472121347,26.2228608205791,1.35447582748187,0.155708444789919,0.0257684244824701,0.00016078364621569,0.00213523421699088,0.00260454217721856,0.308129818577278,FALSE,0.158999999999992
"FULL","smooth_smooth",21,20262769,"low",TRUE,NA,-1.06176777114598,-1.18874134364433,0.126973572498349,0.147695532697289,26.0127367073748,1.29521186431004,0.143562568464028,0.0245221418395341,-0.000141945017901018,-0.00117257447385166,-0.00170232440274015,0.198591420643012,FALSE,0.162000000000035
"FULL","smooth_smooth",21,20262769,"central",TRUE,NA,-0.99291905388989,-1.11037105320547,0.117451999315581,0.147611583969472,25.0551473470844,1.2701063639195,0.144650409113517,0.0256313363874821,-0.000225893745717215,-8.47338243625262e-05,-0.000593129854792086,0.110597961931941,FALSE,0.166999999999973
"FULL","smooth_smooth",21,20262769,"high",TRUE,NA,-0.932470293929348,-1.02692134101153,0.0944510470821822,0.147825988611809,24.1489164785747,1.24668175465503,0.145818142402394,0.0268678313532274,-1.14891033806408e-05,0.00108299946451451,0.000643365110953167,0.0726981416808419,FALSE,0.163999999999987
"FULL","smooth_smooth",22,20262866,"low",TRUE,NA,-1.43197557503744,-1.88252886256909,0.45055328753165,0.112988228220769,32.2796717486691,1.21953133575206,0.153894925789253,0.026041175011521,-0.000252494729983788,-0.00145572339067299,-0.00151036797493839,0.135745314912889,FALSE,0.163999999999987
"FULL","smooth_smooth",22,20262866,"central",TRUE,NA,-1.35374842097873,-1.81014620381266,0.456397782833927,0.112927198658056,31.1312040251366,1.19305539682371,0.153056112700698,0.0250559374220354,-0.000313524292697459,-0.00229453647922773,-0.00249560556442404,0.239653892713973,FALSE,0.156000000000006
"FULL","smooth_smooth",22,20262866,"high",TRUE,NA,-1.26485092181972,-1.68350995189707,0.418659030077345,0.113127682161992,29.5671108017043,1.15325146436278,0.152004377626316,0.0239617004597113,-0.000113040788760732,-0.00334627155360948,-0.00358984252674808,0.394285479718988,FALSE,0.158000000000015
"FULL","smooth_smooth",23,20262963,"low",TRUE,NA,-1.24987914228525,-1.77133633300525,0.521457190720004,0.133949649187353,31.6123893341008,1.36611945171365,0.159338060519506,0.02434589774542,-0.000935745105539898,-0.000959238419031727,-0.0015374890388365,0.338891599287221,FALSE,0.173000000000002
"FULL","smooth_smooth",23,20262963,"central",TRUE,NA,-1.17328428800722,-1.72724691487948,0.553962626872266,0.133872859200709,30.6493513242164,1.36012440911214,0.159385435268328,0.0242515630588419,-0.00101253509218399,-0.000911863670209762,-0.00163182372541466,0.425602398848636,FALSE,0.158999999999992
"FULL","smooth_smooth",23,20262963,"high",TRUE,NA,-1.07600999497278,-1.57880359835224,0.502793603379466,0.134062229535326,28.9058136470243,1.34383135998714,0.159761590163928,0.024128859486703,-0.000823164757566525,-0.000535708774609761,-0.00175452729755356,0.597640304132849,FALSE,0.160000000000025
"FULL","smooth_smooth",24,20263060,"low",TRUE,NA,-1.28307282859793,-1.64393501400013,0.3608621854022,0.145755893791136,29.4979290064591,1.27751563760663,0.166636175468013,0.0209936035046462,-0.000668162648008008,-0.000588076825055045,0.000334037552786621,0.260335717771727,FALSE,0.165999999999997
"FULL","smooth_smooth",24,20263060,"central",TRUE,NA,-1.21460850262362,-1.58863536100347,0.374026858379847,0.145801163024315,28.655789789752,1.27290178502523,0.165593696405182,0.0203703813213915,-0.000622893414829073,-0.00163055588788627,-0.000289184630468127,0.298838642071182,FALSE,0.158999999999992
"FULL","smooth_smooth",24,20263060,"high",TRUE,NA,-1.11703342007654,-1.50095310387596,0.383919683799421,0.146180204064821,27.419090068246,1.26520055747682,0.164351557418991,0.01967488663613,-0.000243852374323172,-0.00287269487407693,-0.000984679315729556,0.382967765935029,FALSE,0.161000000000001
"FULL","smooth_smooth",25,20263157,"low",TRUE,NA,-1.21165462288986,-1.33841282310479,0.126758200214925,0.144125303245767,26.5738121338386,1.00033709002228,0.145518316751061,0.0250525193360726,-0.000653133976563136,-0.000293642267030436,-9.39404028388949e-05,0.266285739624964,FALSE,0.166999999999973
"FULL","smooth_smooth",25,20263157,"central",TRUE,NA,-1.16239470198654,-1.27389555588231,0.111500853895763,0.144110813854034,25.7838208038065,0.994757290134241,0.14592786066941,0.0250433001222668,-0.00066762336829615,0.000115901651318362,-0.000103159616644689,0.278379702713882,FALSE,0.156000000000006
"FULL","smooth_smooth",25,20263157,"high",TRUE,NA,-1.08233529829144,-1.20917893290205,0.126843634610615,0.14436128951506,24.7752402908417,0.983942293871624,0.14666101090519,0.0252145395651942,-0.000417147707269694,0.000849051887099106,6.80798262827041e-05,0.302251541621757,FALSE,0.168999999999983
"FULL","smooth_smooth",26,20263254,"low",TRUE,NA,-1.51157264810536,-1.30375431277582,-0.207818335329539,0.114692032920272,31.6788910339629,1.26640707672631,0.183032713126306,0.0292917841643705,-0.000416389345352403,-0.000559794491755777,0.00048022403629357,0.196586611798113,FALSE,0.162999999999954
"FULL","smooth_smooth",26,20263254,"central",TRUE,NA,-1.47482429811415,-1.22220716999618,-0.252617128117968,0.114635826311701,30.77171265699,1.24432734682404,0.182980705428984,0.029688050343364,-0.000472595953922975,-0.00061180218907747,0.000876490215287115,0.278931304028382,FALSE,0.158000000000015
"FULL","smooth_smooth",26,20263254,"high",TRUE,NA,-1.38014673401007,-1.12160039898803,-0.258546335022042,0.114768811617621,29.3156190969806,1.21102374653864,0.183149978095468,0.0304216755977024,-0.000339610648003738,-0.000442529522593105,0.00161011546962542,0.39692702530121,FALSE,0.159999999999968
"FULL","smooth_smooth",27,20263351,"low",TRUE,NA,-1.88899583211214,-1.85049112030497,-0.0385047118071628,0.127762802594998,33.7528143322081,1.39271662858664,0.144330424242131,0.0243193719372661,-0.000379793986723498,0.0017091046007813,6.0468892057252e-05,0.41673812221619,FALSE,0.16700000000003
"FULL","smooth_smooth",27,20263351,"central",TRUE,NA,-1.82332059014763,-1.75292303302487,-0.0703975571227537,0.127572665512158,32.4933794381148,1.35348739125142,0.143353874498324,0.0230021683984092,-0.000569931069563212,0.000732554856974071,-0.00125673464679971,0.406919195446759,FALSE,0.177999999999997
"FULL","smooth_smooth",27,20263351,"high",TRUE,NA,-1.76363083578129,-1.68788837058311,-0.0757424651981781,0.127511710463465,31.5471890530363,1.32350954944544,0.142769239248929,0.0222069040911549,-0.00063088611825643,0.000147919607579011,-0.00205199895405401,0.408552183682827,FALSE,0.173000000000002
"FULL","smooth_smooth",28,20263448,"low",TRUE,NA,-1.31543907289704,-1.41581239750107,0.100373324604035,0.137891741618599,30.4366370066565,1.1882466988159,0.126463022067339,0.0154915490778529,-0.000515114459987753,-0.000224897464506546,-0.000247776429602602,0.20285533817877,FALSE,0.172000000000025
"FULL","smooth_smooth",28,20263448,"central",TRUE,NA,-1.20289354704384,-1.29346921744089,0.0905756703970506,0.137723508393693,28.7818999242168,1.12965832090594,0.126934208820268,0.0162552743533276,-0.000683347684893115,0.000246289288421603,0.000515948845872086,0.361838649860217,FALSE,0.164999999999964
"FULL","smooth_smooth",28,20263448,"high",TRUE,NA,-1.10459959656302,-1.1962635445125,0.0916639479494811,0.137903972002205,27.426327201842,1.08283916593779,0.127824314567111,0.0173562554552019,-0.00050288407638116,0.00113639503526505,0.00161692994774644,0.49859534036154,FALSE,0.168999999999983
"FULL","smooth_smooth",29,20263545,"low",TRUE,NA,-1.66280776667982,-1.34106785988607,-0.32173990679375,0.139362085680894,28.8052075316199,1.65803793703199,0.135599685739864,0.0245103272363119,-0.000587505932846705,0.000853879720073086,-0.000640799830247497,0.372770743718771,FALSE,0.165999999999997
"FULL","smooth_smooth",29,20263545,"central",TRUE,NA,-1.50163354193617,-1.22474364287337,-0.276889899062796,0.139319320787263,26.8773800131574,1.5906350894472,0.138731107784053,0.02712765289154,-0.000630270826477791,0.0039853017642621,0.00197652582498064,0.569328717580374,FALSE,0.158000000000015
"FULL","smooth_smooth",29,20263545,"high",TRUE,NA,-1.28560788216977,-1.11133299125838,-0.174274890911393,0.139767473889194,24.6859674328968,1.52196662799693,0.14406462231217,0.0319818294501834,-0.00018211772454646,0.00931881629237999,0.006830702383624,0.813276177999899,FALSE,0.157999999999959
"FULL","smooth_smooth",30,20263642,"low",TRUE,NA,-1.6974835481184,-1.47094775942889,-0.22653578868951,0.143622644909828,30.248218951225,1.41537489061153,0.138382234030747,0.0252449822871667,-0.000434246526525184,-0.00444381600758137,-0.00375808493916499,0.3039082696164,FALSE,0.158999999999992
"FULL","smooth_smooth",30,20263642,"central",TRUE,NA,-1.58479555171007,-1.32647575594129,-0.258319795768782,0.143805432230979,28.4552822932797,1.35375929105571,0.1374999392123,0.0242677110304123,-0.000251459205374227,-0.00532611082602841,-0.00473535619591944,0.45000599679992,FALSE,0.163000000000011
"FULL","smooth_smooth",30,20263642,"high",TRUE,NA,-1.42368250719504,-1.15576333519048,-0.267919172004557,0.144763132183479,26.1972558736821,1.27632381178969,0.137243732622636,0.0240042018918871,0.000706240747125053,-0.0055823174156924,-0.00499886533444464,0.671297798232781,FALSE,0.158000000000015
"FULL","smooth_smooth",31,20263739,"low",TRUE,NA,-1.7582393650818,-1.2009114988535,-0.557327866228299,0.136366395208278,29.3161467568014,1.41281137579663,0.151684087998034,0.0231889726002732,-0.000295748653656419,-0.00641932120418764,-0.00635552983767554,0.314346361467111,FALSE,0.166000000000054
"FULL","smooth_smooth",31,20263739,"central",TRUE,NA,-1.69154866719101,-1.11797961572764,-0.573569051463373,0.136406599952806,28.3295485960762,1.38860190931412,0.151957785745949,0.0237142095567374,-0.000255543909128936,-0.0061456234562729,-0.00583029288121133,0.330244476772712,FALSE,0.159000000000049
"FULL","smooth_smooth",31,20263739,"high",TRUE,NA,-1.61920958382757,-1.03740253192791,-0.581807051899666,0.136649173261633,27.3433578494712,1.36421719548904,0.152437242624543,0.024405264680685,-1.2970600301393e-05,-0.00566616657767888,-0.0051392377572637,0.38262290893697,FALSE,0.165999999999997
"FULL","smooth_smooth",32,20263836,"low",TRUE,NA,-1.08993771792148,-1.42028649443373,0.330348776512249,0.151302688180925,25.983464579275,1.33033158629198,0.141477090394303,0.0235377231687381,-8.49021159636254e-05,-1.5843353287498e-05,-0.00030716897019142,0.120179183199869,FALSE,0.161999999999978
"FULL","smooth_smooth",32,20263836,"central",TRUE,NA,-1.02984672299398,-1.35370558188849,0.323858858894511,0.151361070533925,25.1681537949162,1.32347566815714,0.14158977262193,0.0235832594255214,-2.65197629634173e-05,9.68388743388116e-05,-0.000261632713408139,0.149308016007394,FALSE,0.161000000000001
"FULL","smooth_smooth",32,20263836,"high",TRUE,NA,-0.956019386626405,-1.250475524418,0.294456137791597,0.151754776105457,24.0625234647255,1.31383963103595,0.142125536733318,0.0239907515624036,0.000367185808568676,0.000632602985727287,0.000145859423474032,0.253370792056206,FALSE,0.157999999999959
"FULL","smooth_smooth",33,20263933,"low",TRUE,NA,-1.20717832826023,-1.84405810931459,0.636879781054369,0.153955076191544,31.0132201538857,1.38846266801396,0.159614010727774,0.0267782136020326,-0.00016716744714651,-0.00312384904449145,-0.00437465903064453,0.451796983196667,FALSE,0.159000000000049
"FULL","smooth_smooth",33,20263933,"central",TRUE,NA,-1.14245573601864,-1.78288393089853,0.640428194879891,0.153898012843649,30.0934110293754,1.38066482132774,0.160032375325323,0.0270902950649585,-0.00022423079504133,-0.00270548444694274,-0.00406257756771869,0.455917995988947,FALSE,0.154999999999973
"FULL","smooth_smooth",33,20263933,"high",TRUE,NA,-1.06672236584326,-1.6524005285852,0.585678162741942,0.153950937434299,28.6403134772569,1.3697320260025,0.161076535014696,0.0281731041513943,-0.000171306204391569,-0.00166132475756989,-0.00297976848128285,0.459298845386649,FALSE,0.156000000000006
"FULL","smooth_smooth",34,20264030,"low",TRUE,NA,-1.03515919532165,-1.57228732242998,0.53712812710833,0.161616730409283,29.4353484580528,1.21198085532565,0.12961643316394,0.0230070907181396,9.65368545453038e-05,-0.000331707378147222,-0.00070145561771004,0.0803842397473697,FALSE,0.165999999999997
"FULL","smooth_smooth",34,20264030,"central",TRUE,NA,-0.951601704388501,-1.5829593960707,0.6313576916822,0.161691013236769,28.8781807241771,1.21465841052822,0.130174393668283,0.0239740657236117,0.000170819682031476,0.000226253126195314,0.000265519387761988,0.0960450749102397,FALSE,0.162000000000035
"FULL","smooth_smooth",34,20264030,"high",TRUE,NA,-0.859854987225352,-1.57804938718077,0.718194399955423,0.162011515947618,28.1515323448417,1.21410361868792,0.131073216968192,0.0254169700135112,0.000491322392879773,0.00112507642610471,0.00170842367766154,0.160413002730143,FALSE,0.156999999999982
"FULL","smooth_smooth",35,20264127,"low",TRUE,NA,-1.41492202374399,-1.34278589233332,-0.0721361314106719,0.136213349525231,28.8974830245025,1.18813912584993,0.152462358321493,0.0190808259925863,-0.000548569566829499,0.00168485787407183,0.00144730022185969,0.178758322025154,FALSE,0.161999999999978
"FULL","smooth_smooth",35,20264127,"central",TRUE,NA,-1.3552383292855,-1.26689333294775,-0.0883449963377492,0.13618270208039,27.9040096718497,1.16943822127208,0.15368019539652,0.0201107246247373,-0.000579217011669658,0.00290269494909909,0.00247719885401067,0.27439872363454,FALSE,0.160000000000025
"FULL","smooth_smooth",35,20264127,"high",TRUE,NA,-1.2853920485807,-1.17020442032066,-0.115187628260038,0.136439557468467,26.6996656487834,1.14756865202747,0.155599384318824,0.0217884883105439,-0.000322361623593004,0.00482188387140242,0.00415496253981732,0.393473883743789,FALSE,0.159999999999968
"FULL","smooth_smooth",36,20264224,"low",TRUE,NA,-1.61179182163351,-1.86123812216228,0.249446300528778,0.13898595782812,31.4626452286573,1.18364079676422,0.143362309122049,0.0234817436412179,2.75081478362527e-05,-0.000307984663932753,-0.000277914844818358,0.178191666823078,FALSE,0.211000000000013
"FULL","smooth_smooth",36,20264224,"central",TRUE,NA,-1.47436124823656,-1.6738489461337,0.199487697897138,0.139268882066799,29.2018224401401,1.12256347918941,0.137894674621747,0.0203171409848536,0.000310432386514459,-0.00577561916423475,-0.00344251750118266,0.32715723365086,FALSE,0.168999999999983
"FULL","smooth_smooth",36,20264224,"high",TRUE,NA,-1.31390870950555,-1.52017156494236,0.206262855436812,0.14007941039401,27.0315239857168,1.0694737255873,0.133946191410743,0.0185867964070832,0.00112096071372628,-0.00972410237523869,-0.00517286207895306,0.514650653830099,FALSE,0.158000000000015
"FULL","smooth_smooth",37,20264321,"low",TRUE,NA,-1.12580386883186,-1.42677833123419,0.300974462402336,0.16109659196006,27.2118669219578,1.46880021137629,0.140710561063203,0.0142236147399773,-0.00022198783726346,-0.00236529304060776,-0.00173260810354753,0.145561073745397,FALSE,0.159999999999968
"FULL","smooth_smooth",37,20264321,"central",TRUE,NA,-1.08448406701869,-1.37481792625876,0.290333859240071,0.160978124465738,26.5239448073345,1.44550701926931,0.140716181774522,0.0142244218171052,-0.000340455331584805,-0.00235967232928883,-0.00173180102641966,0.151023538450718,FALSE,0.160000000000025
"FULL","smooth_smooth",37,20264321,"high",TRUE,NA,-1.01199777899878,-1.3184530894014,0.306455310402616,0.161017495203264,25.5835299903092,1.41024568731933,0.141225803405923,0.0146220412738314,-0.000301084594058948,-0.00185005069788771,-0.00133418156969348,0.181942923601881,FALSE,0.162000000000035
"FULL","smooth_smooth",38,20264418,"low",TRUE,NA,-1.06745569205104,-1.95732443896477,0.889868746913731,0.144421741986323,31.3355314372422,1.75546644666031,0.147476542821641,0.0285627365520214,4.65600938278077e-05,-0.000837624801812487,-0.000970290854524873,0.0798215127628906,FALSE,0.159000000000049
"FULL","smooth_smooth",38,20264418,"central",TRUE,NA,-0.985332266389237,-1.90568453362519,0.920352267235956,0.144449318572177,30.373871105132,1.72390551893678,0.147279727033525,0.0285156010553723,7.41366796820353e-05,-0.00103444058992838,-0.00101742635117395,0.0954491990892212,FALSE,0.161000000000001
"FULL","smooth_smooth",38,20264418,"high",TRUE,NA,-0.898873874586733,-1.7703098385163,0.871435963929565,0.144935641574151,28.9850113589987,1.67356417551347,0.146342500095471,0.0276403836770792,0.000560459681656245,-0.00197166752798214,-0.00189264372946705,0.250966259731281,FALSE,0.161999999999978
"FULL","smooth_smooth",39,20264515,"low",TRUE,NA,-1.19050349938363,-1.23357661532084,0.0430731159372158,0.105307953399382,24.6117521866554,1.71842754889995,0.149756330069692,0.0266834715677736,-0.000702760337647018,-0.00392461195701246,-0.00364372603444213,0.301412704613041,FALSE,0.17900000000003
"FULL","smooth_smooth",39,20264515,"central",TRUE,NA,-1.1283311512053,-1.17070551612966,0.0423743649243605,0.105330920210241,23.7963221185685,1.68009248594716,0.150604969889523,0.0274524014287779,-0.000679793526787292,-0.00307597213718139,-0.00287479617343779,0.213563240298438,FALSE,0.161000000000001
"FULL","smooth_smooth",39,20264515,"high",TRUE,NA,-1.04677072620541,-1.10494470117294,0.0581739749675333,0.105554323475049,22.8534478362045,1.62938945810519,0.151868977807947,0.0285826498227,-0.000456390261979411,-0.00181196421875748,-0.00174454777951569,0.114895131028516,FALSE,0.161000000000001
"FULL","smooth_smooth",40,20264612,"low",TRUE,NA,-1.21935839267606,-1.37652690812172,0.157168515445662,0.140653595129374,28.0878449551191,1.23364403471568,0.149386859732761,0.0249747598621289,0.000206322948915039,-0.00260583582818638,-0.00140493840822594,0.25172149065069,FALSE,0.161000000000001
"FULL","smooth_smooth",40,20264612,"central",TRUE,NA,-1.13117761119178,-1.2713764960378,0.140198884846015,0.140634088775393,26.767421893177,1.20403894918595,0.150347730513491,0.0256766674805919,0.000186816594933997,-0.00164496504745615,-0.000703030789763026,0.263583520429365,FALSE,0.170000000000016
"FULL","smooth_smooth",40,20264612,"high",TRUE,NA,-1.06151236918278,-1.16258320471716,0.101070835534375,0.140917149216627,25.6075276411396,1.17966116512748,0.151440302794564,0.0266373812610373,0.000469877036167882,-0.000552392766383358,0.000257682990682413,0.342977937047591,FALSE,0.158999999999992
"FULL","smooth_smooth",41,20264709,"low",TRUE,NA,-1.08574253555751,-1.399097251717,0.313354716159491,0.167646439041725,29.0873317603596,0.980617919550493,0.140430099553427,0.0218724264987591,-0.000153231995103698,-0.000442151490025355,-0.000395171370816887,0.132412790223956,FALSE,0.198000000000036
"FULL","smooth_smooth",41,20264709,"central",TRUE,NA,-0.989187591504302,-1.32872686293637,0.339539271432066,0.167503491861786,27.8139156451225,0.945422441764451,0.141581890338796,0.0226440456280116,-0.000296179175042627,0.000709639295344455,0.000376447758435608,0.171614089331545,FALSE,0.163000000000011
"FULL","smooth_smooth",41,20264709,"high",TRUE,NA,-0.865929157490771,-1.18426786049421,0.318338703003438,0.167833392322059,25.8435196217187,0.886552857920835,0.143878410769177,0.0243962305484246,3.37212852301871e-05,0.00300615972572474,0.00212863267884858,0.34301862154705,FALSE,0.16700000000003
"FULL","smooth_smooth",42,20264806,"low",TRUE,NA,-1.49715253032485,-1.57372998340921,0.0765774530843542,0.149776277960214,29.999291379171,1.18745388140908,0.200163714757659,0.07510706142871,2.60314787444149e-05,0.00215151108307421,0.00191718998800024,0.0737849479031642,FALSE,0.159999999999968
"FULL","smooth_smooth",42,20264806,"central",TRUE,NA,-1.35272487737786,-1.43127260141138,0.0785477240335203,0.149797363050478,27.9593034455655,1.16333891269311,0.199402096731284,0.0745456544180053,4.71165690083541e-05,0.00138989305669932,0.00135578297729551,0.162522050996549,FALSE,0.157999999999959
"FULL","smooth_smooth",42,20264806,"high",TRUE,NA,-1.24159926442616,-1.30100925572977,0.059409991303613,0.150250598711424,26.2885656706931,1.14007362244734,0.198888430016836,0.0742136668917106,0.000500352229954287,0.000876226342250958,0.00102379545100087,0.326141466928572,FALSE,0.161000000000001
"FULL","smooth_smooth",43,20264903,"low",TRUE,NA,-1.44162711234839,-1.31913055416483,-0.122496558183569,0.127539037136457,29.4701974301508,1.28612325175741,0.142710526367143,0.0237482692856522,-0.000718531467835681,-7.56945641231799e-05,-1.32881410599486e-05,0.190055650927591,FALSE,0.163000000000011
"FULL","smooth_smooth",43,20264903,"central",TRUE,NA,-1.37093338024746,-1.23037988651844,-0.140553493729021,0.127430683105401,28.2511127353839,1.25561830994922,0.142630816929987,0.0238316772118865,-0.000826885498891428,-0.000155404001278642,7.01197851743635e-05,0.298920052736778,FALSE,0.168999999999983
"FULL","smooth_smooth",43,20264903,"high",TRUE,NA,-1.24098759974412,-1.14778386035491,-0.09320373938921,0.12766218328426,26.6829116201271,1.2202522032663,0.142507404119589,0.0240194242058024,-0.00059538532003206,-0.000278816811676741,0.000257866779090277,0.437199762709001,FALSE,0.158999999999992
"FULL","smooth_smooth",44,20265000,"low",TRUE,NA,-1.10571685033307,-1.49338772346774,0.387670873134664,0.145269865670671,25.8383763595096,0.841607231771758,0.154711455566823,0.0337299905957687,-6.68682951072974e-05,-0.00182213244191795,-0.00153912845148003,0.105923437657983,FALSE,0.216000000000008
"FULL","smooth_smooth",44,20265000,"central",TRUE,NA,-1.04986443614954,-1.45039026996628,0.400525833816734,0.145269591956021,25.1617556360524,0.829199943673146,0.155583862505001,0.0344892043351645,-6.71420097578534e-05,-0.000949725503740756,-0.000779914712084231,0.0703390880416479,FALSE,0.156000000000006
"FULL","smooth_smooth",44,20265000,"high",TRUE,NA,-0.963632295993786,-1.40263776404355,0.439005468049761,0.145437457737899,24.2478998866841,0.811021223464046,0.157192880559839,0.0359041473893109,0.000100723772121003,0.000659292551097396,0.000635028342062201,0.103932742122603,FALSE,0.155999999999949
"FULL","smooth_smooth",45,20265097,"low",TRUE,NA,-1.02320132212951,-1.42530310236401,0.402101780234497,0.116131137115221,27.7521148001993,1.14907528419679,0.134837655298651,0.0269766087956812,-0.00010599871500018,-5.64921159302012e-05,-0.000144301203415093,0.0782171839495581,FALSE,0.158000000000015
"FULL","smooth_smooth",45,20265097,"central",TRUE,NA,-0.933007028312858,-1.33963602586033,0.406628997547476,0.116092242817117,26.4943075928312,1.11603979494081,0.135702470983591,0.0276435555321593,-0.000144893013103858,0.000808323569009894,0.000522645533063037,0.17379488616568,FALSE,0.154000000000053
"FULL","smooth_smooth",45,20265097,"high",TRUE,NA,-0.827304667052915,-1.26648141820155,0.439176751148635,0.116456624197566,25.2395535496313,1.08117361751096,0.136944730974328,0.0286693368997934,0.000219488367344492,0.00205058355974677,0.00154842690069711,0.290438644238098,FALSE,0.160000000000025
"FULL","smooth_smooth",46,20265194,"low",TRUE,NA,-1.21143727370994,-1.54035603862005,0.328918764910117,0.140547721086666,26.8326707656845,0.998139326264345,0.134665295953613,0.0287915774708348,-0.000738466346849653,-0.000851158926730378,-0.00117588159743703,0.291370995222683,FALSE,0.180999999999983
"FULL","smooth_smooth",46,20265194,"central",TRUE,NA,-1.13006218251976,-1.47139559942564,0.341333416905872,0.140633049739981,25.7948610029168,0.969508671611826,0.134542974306969,0.0286946615039084,-0.000653137693534922,-0.000973480573373875,-0.00127279756436348,0.371042046854881,FALSE,0.157999999999959
"FULL","smooth_smooth",46,20265194,"high",TRUE,NA,-1.03337424898672,-1.39388912402427,0.360514875037556,0.141004114193373,24.6140560646973,0.937713561239145,0.134545019444185,0.028750525273778,-0.00028207324014265,-0.000971435436157686,-0.00121693379449386,0.478538514133447,FALSE,0.160000000000025
"FULL","smooth_smooth",47,20265291,"low",TRUE,NA,-1.26418172202747,-1.55192316575406,0.287741443726595,0.142068376179377,28.6364948882412,0.830387100486417,0.138788815289014,0.0120885367023881,-5.38808713304029e-05,0.000898512096366794,0.000241978060765955,0.241466923962382,FALSE,0.177999999999997
"FULL","smooth_smooth",47,20265291,"central",TRUE,NA,-1.20298640853426,-1.48889726180083,0.28591085326657,0.142020950917203,27.7332895483553,0.827776670169626,0.13904737754442,0.0126541249913313,-0.000101306133503676,0.00115707435177276,0.000807566349709174,0.297221036117733,FALSE,0.157000000000039
"FULL","smooth_smooth",47,20265291,"high",TRUE,NA,-1.13232686382661,-1.37971837387017,0.247391510043554,0.142103052598838,26.4318350283102,0.827569222617506,0.139694835730203,0.0139474923731611,-1.92044518688705e-05,0.00180453253755619,0.00210093373153895,0.38684777968603,FALSE,0.172000000000025
"FULL","smooth_smooth",48,20265388,"low",TRUE,NA,-1.0553707694736,-1.26398292353016,0.208612154056564,0.145513026345619,26.4220995345513,1.02723521398292,0.121930565237597,0.0232992099953106,-0.000785225996627809,-0.000574238126662394,-0.00117106431355885,0.242425210111217,FALSE,0.165999999999997
"FULL","smooth_smooth",48,20265388,"central",TRUE,NA,-0.993337081198525,-1.20506002708172,0.211722945883192,0.145488155076808,25.599577048505,1.0148617832929,0.122340421564974,0.0238839045369061,-0.000810097265439153,-0.000164381799285157,-0.000586369771963385,0.295015223525826,FALSE,0.158999999999992
"FULL","smooth_smooth",48,20265388,"high",TRUE,NA,-0.922593864148968,-1.14263785617103,0.220043992022064,0.145694711746493,24.7144663764598,1.00343756390383,0.122934413495525,0.0247295505521997,-0.000603540595753516,0.000429610131265856,0.000259276243330171,0.365649301530065,FALSE,0.154999999999973
"FULL","smooth_smooth",49,20265485,"low",TRUE,NA,-1.10338788384548,-1.46695684482924,0.363568960983755,0.121793195993424,25.0674363278783,1.18995488674228,0.139718117557247,0.0265902923601191,-0.000135527466051902,-0.00124716924716556,-0.00145995976848354,0.108539875758573,FALSE,0.159000000000049
"FULL","smooth_smooth",49,20265485,"central",TRUE,NA,-1.0309388873811,-1.39980269149627,0.368863804115172,0.121839470061215,24.1593340008326,1.16997406424336,0.141172558240804,0.0282355428868414,-8.92533982612548e-05,0.000207271436391515,0.000185290758238685,0.104865224854437,FALSE,0.157000000000039
"FULL","smooth_smooth",49,20265485,"high",TRUE,NA,-0.935340802387692,-1.34516666708992,0.409825864702225,0.122162509502345,23.186026402006,1.15001053786921,0.143271974832407,0.0305518647422858,0.000233786042868764,0.00230668802799458,0.00250161261368316,0.16779205230258,FALSE,0.168999999999983
"FULL","smooth_smooth",50,20265582,"low",TRUE,NA,-1.24327305795983,-1.45688666002901,0.213613602069189,0.134251227878851,29.8424352414995,1.55343845653982,0.158893957858883,0.0442478542217622,-0.000401781120232286,-0.00060174934586732,-0.00197758297858919,0.260321883161506,FALSE,0.182999999999993
"FULL","smooth_smooth",50,20265582,"central",TRUE,NA,-1.15453191824056,-1.36545864502602,0.210926726785454,0.134214256468956,28.6357073399245,1.54729941210178,0.158716868212942,0.0436702879939842,-0.000438752530127345,-0.000778838991808334,-0.00255514920636725,0.370741920630485,FALSE,0.168999999999983
"FULL","smooth_smooth",50,20265582,"high",TRUE,NA,-1.03888754565371,-1.30841111482434,0.269523569170631,0.134529701426488,27.501542936775,1.54560959427231,0.159273839858226,0.0436035923922635,-0.000123307572595627,-0.000221867346524934,-0.00262184480808791,0.499330548310545,FALSE,0.175000000000011
"FULL","strong_aniso",1,20260842,"low",TRUE,NA,1.43205308716145,-0.694697571556458,2.1267506587179,0.308118092863981,11.7602035698123,1.04420238783676,0.478495877679493,0.248909225226398,-0.0183813389887728,0.00527567083924085,0.00656356312048764,5.71106385024863,FALSE,0.163000000000011
"FULL","strong_aniso",1,20260842,"central",TRUE,NA,1.9616717187445,-0.552524402015717,2.51419612076022,0.307303135806715,10.1997601003139,0.977452243145319,0.47704254663275,0.246486227825635,-0.0191962960460393,0.00382233979249813,0.00414056571972501,5.63518763925506,FALSE,0.156999999999982
"FULL","strong_aniso",1,20260842,"high",TRUE,NA,2.0635933944169,-0.448845482010755,2.51243887642765,0.307392410521543,9.76791417308259,0.955977197957161,0.475385391172094,0.244682818672228,-0.0191070213312104,0.00216518433184187,0.00233715656631783,5.55167974539925,FALSE,0.173999999999978
"FULL","strong_aniso",2,20260939,"low",TRUE,NA,3.69963644533447,-1.40228844113621,5.10192488647068,0.474659879353492,9.69059725040792,0.794564801801464,0.534329388189106,0.339817646778075,-0.0113355184114247,0.073963927254852,0.0736547363230983,6.5330117601156,FALSE,0.168000000000006
"FULL","strong_aniso",2,20260939,"central",TRUE,NA,3.87326732829303,-1.42502756452279,5.29829489281581,0.474642602781777,9.7655244723236,0.799424415976033,0.536127819920583,0.341582237827343,-0.0113527949831398,0.0757623589863283,0.0754193273723669,6.52307486683769,FALSE,0.165999999999997
"FULL","strong_aniso",2,20260939,"high",TRUE,NA,3.96829972197176,-1.29754209019376,5.26584181216552,0.474741357596218,9.32844229306681,0.772268675885663,0.526056954167579,0.331697973751239,-0.0112540401686984,0.0656914932333251,0.0655350632962622,6.38149213283582,FALSE,0.174000000000035
"FULL","strong_aniso",3,20261036,"low",TRUE,NA,1.89594207272006,1.30369089850239,0.592251174217677,0.462683677980203,4.27603369720172,0.374966547010761,0.392139028630372,0.230649979100699,0.00209389719498249,0.000989132324787978,0.00104613494808656,4.82678739843838,FALSE,0.168000000000006
"FULL","strong_aniso",3,20261036,"central",TRUE,NA,2.18974030211957,2.72185674594394,-0.532116443824366,0.461204907225415,3.40278573170797,0.381087229839382,0.392877452562718,0.231567429189275,0.000615126440193625,0.001727556257134,0.00196358503666219,3.6176644752564,FALSE,0.158999999999992
"FULL","strong_aniso",3,20261036,"high",TRUE,NA,3.89860184124687,3.9683021839127,-0.0697003426658373,0.461135407616376,3.24318108580223,0.383183956755093,0.393047685811948,0.231775822147878,0.000545626831155221,0.00189778950636404,0.00217197799526539,1.50913163369671,FALSE,0.170999999999992
"FULL","strong_aniso",4,20261133,"low",TRUE,NA,1.00292609101213,1.30369436535017,-0.300768274338038,0.449656709292756,6.78845085368209,0.80263580763044,0.476726643788582,0.250833229323154,0.011056569387164,-0.00163612829517162,0.001007211968438,5.11790675413355,FALSE,0.170999999999935
"FULL","strong_aniso",4,20261133,"central",TRUE,NA,1.08423616212251,1.73331901591318,-0.649082853790672,0.448382414253553,6.03524851781967,0.77791455889749,0.476314807398974,0.250410396135982,0.00978227434796131,-0.00204796468477925,0.000584378781265993,4.79455212733543,FALSE,0.184000000000083
"FULL","strong_aniso",4,20261133,"high",TRUE,NA,1.17435540104891,2.33335810539323,-1.15900270434432,0.447458959069885,5.46532344559814,0.751696006089216,0.476106417083622,0.250042829004398,0.00885881916429299,-0.00225635500013183,0.000216811649681015,4.39657749811701,FALSE,0.163999999999987
"FULL","strong_aniso",5,20261230,"low",TRUE,NA,0.681952417973079,2.60544272016365,-1.92349030219057,0.42652489091816,5.40720264543336,0.559366719250236,0.435910948989199,0.237017343313547,-0.000379062834378441,0.00438964670826758,0.00444114422071634,1.43036508317903,FALSE,0.158999999999992
"FULL","strong_aniso",5,20261230,"central",TRUE,NA,0.759998532409571,2.62549694479823,-1.86549841238866,0.42655964662945,5.26467149263131,0.550907046547217,0.4347850065945,0.235859415006046,-0.000344307123088694,0.00326370431356854,0.00328321591321531,1.3952990192803,FALSE,0.158999999999992
"FULL","strong_aniso",5,20261230,"high",TRUE,NA,0.852718094014643,2.00993204455563,-1.15721395054099,0.427245860943562,5.40059963447592,0.55330236101432,0.433618838805404,0.234372622819862,0.000341907191023616,0.00209753652447259,0.00179642372703095,1.99551056802944,FALSE,0.168000000000006
"FULL","strong_aniso",6,20261327,"low",TRUE,NA,3.69963750160864,0.685397437738839,3.0142400638698,0.435404131007591,6.41890119591239,0.707228949516064,0.49130329026728,0.287446532037748,-0.000345114345838615,0.00249481413714214,0.001179996957128,1.33787794637774,FALSE,0.168000000000006
"FULL","strong_aniso",6,20261327,"central",TRUE,NA,3.87327043468585,0.762574722874443,3.11069571181141,0.43535310089934,6.26780407999633,0.704660573940092,0.49077535211072,0.28724198693571,-0.000396144454089864,0.00196687598058265,0.000975451855089626,1.1514730893821,FALSE,0.16700000000003
"FULL","strong_aniso",6,20261327,"high",TRUE,NA,3.96830142319505,0.85449335619827,3.11380806699678,0.43540802353341,6.09704383864565,0.703150836796698,0.490060001401882,0.286910914446917,-0.000341221820019222,0.00125152527174388,0.00064437936629741,1.04190889082098,FALSE,0.177999999999997
"FULL","strong_aniso",7,20261424,"low",TRUE,NA,3.69964756918694,-0.33718187902297,4.0368294482099,0.499483931267054,10.0318870869243,1.20447576204522,0.434040925475167,0.232284962388201,-0.0102590193630849,-0.0162013397882699,-0.0100010552355774,3.01266532748069,FALSE,0.201999999999998
"FULL","strong_aniso",7,20261424,"central",TRUE,NA,-0.399950085719189,0.0633612554603577,-0.463311341179547,0.502161274878208,16.8439499850119,1.22217964020867,0.455081841632298,0.254848573902164,-0.0075816757519308,0.0048395763688614,0.0125625562783855,1.68438486702949,FALSE,0.161000000000058
"FULL","strong_aniso",7,20261424,"high",TRUE,NA,0.00424861570260645,0.00719705092588205,-0.00294843522327562,0.503293936904074,15.2736013322985,1.2423048625731,0.448796971587554,0.247420421333281,-0.00644901372606477,-0.00144529367588286,0.00513440370950227,1.40612179949691,FALSE,0.166000000000054
"FULL","strong_aniso",8,20261521,"low",TRUE,NA,3.60073651750984,-0.62262228154467,4.2233587990545,0.459243602927661,8.82498607585454,0.763210108862951,0.42581265509471,0.236686059167026,-0.0238462073222536,-0.0130366765390444,-0.00729302358187345,5.69408079779897,FALSE,0.187999999999988
"FULL","strong_aniso",8,20261521,"central",TRUE,NA,3.87327871950749,-0.514519858818293,4.38779857832578,0.459435898708452,8.55670695771928,0.757637755748518,0.424782569826345,0.23548975691596,-0.023653911541462,-0.0140667618074091,-0.00848932583293929,5.55001881408735,FALSE,0.169000000000096
"FULL","strong_aniso",8,20261521,"high",TRUE,NA,3.96830072451859,-0.416365141726512,4.3846658662451,0.459870745421875,8.32567904800276,0.752482922262508,0.424231670761328,0.234765086598077,-0.0232190648280395,-0.0146176608724269,-0.00921399615082233,5.44239978943641,FALSE,0.163999999999987
"FULL","strong_aniso",9,20261618,"low",TRUE,NA,3.69964598894695,1.62179427292641,2.07785171602054,0.457327806510609,4.58230053614479,0.659554458795067,0.41368770217206,0.222239482912588,0.000201842949739517,-8.68185236723162e-05,-5.85621723794005e-05,3.61983348905644,FALSE,0.174999999999955
"FULL","strong_aniso",9,20261618,"central",TRUE,NA,3.87327965022372,1.63880589918236,2.23447375104137,0.457320155587384,4.56393611472907,0.659922270334777,0.41368535371297,0.222229408925253,0.000194192026514162,-8.9166982762956e-05,-6.86361597141139e-05,3.54501403804996,FALSE,0.180000000000064
"FULL","strong_aniso",9,20261618,"high",TRUE,NA,3.96830911521284,1.67885765892962,2.28945145628321,0.457327830328337,4.52968050798433,0.660343273572429,0.413677573831834,0.222204359164529,0.000201866767467918,-9.69468638991611e-05,-9.36859204380136e-05,3.47769644037592,FALSE,0.170000000000073
"FULL","strong_aniso",10,20261715,"low",TRUE,NA,0.979582829304668,-1.04340967116646,2.02299250047113,0.40777865943722,13.9956510935873,1.11896768573332,0.521326912408251,0.285392224269267,-0.0330347853910462,0.0127941468056415,0.0106921127706347,2.10863868781998,FALSE,0.163999999999987
"FULL","strong_aniso",10,20261715,"central",TRUE,NA,1.23280050610958,-0.761708872856151,1.99450937896573,0.406510124588779,12.0524663516716,1.03547564234473,0.518877373184715,0.281364805422159,-0.0343033202394876,0.0103446075821056,0.00666469392352703,1.78185681866849,FALSE,0.154999999999973
"FULL","strong_aniso",10,20261715,"high",TRUE,NA,1.43732631015258,-0.599275917419601,2.03660222757218,0.406498363284945,10.8847299811357,0.991759680879786,0.516941794641644,0.278683591655055,-0.0343150815433211,0.00840902903903451,0.0039834801564228,1.60050349935181,FALSE,0.166000000000054
"FULL","strong_aniso",11,20261812,"low",TRUE,NA,1.705295057244,-0.619946210298997,2.32524126754299,0.443584904033459,10.2217077806915,0.975536672408011,0.401985387924654,0.211734054805811,-0.0193364629429647,0.0147206020532826,-0.00473730007190731,1.63290287059301,FALSE,0.174000000000092
"FULL","strong_aniso",11,20261812,"central",TRUE,NA,1.79548598200787,-0.608516722470813,2.40400270447868,0.443609492715941,10.0738173073553,0.971331962099138,0.401711604828645,0.211476050684325,-0.0193118742604828,0.0144468189572737,-0.00499530419339383,1.63543205668453,FALSE,0.164999999999964
"FULL","strong_aniso",11,20261812,"high",TRUE,NA,1.80372648128197,-0.524899210795843,2.32862569207782,0.443996520936171,9.8476936174831,0.959746012830352,0.39965269175711,0.210639234897258,-0.0189248460402527,0.012387905885738,-0.00583211998046074,1.55485284786623,FALSE,0.162000000000035
"FULL","strong_aniso",12,20261909,"low",TRUE,NA,3.69964464111188,-1.75836001833149,5.45800465944337,0.428308473757218,13.8113815324279,1.06211803253624,0.47531066514118,0.280844786043676,-0.0263891399016808,0.00348341244356049,0.023384947770937,6.88232186088173,FALSE,0.174999999999955
"FULL","strong_aniso",12,20261909,"central",TRUE,NA,3.8732774786863,-1.71285597611226,5.58613345479856,0.428362309313497,13.6656443876799,1.05522595218091,0.472605694143029,0.277678053263558,-0.0263353043454017,0.000778441445409117,0.0202182149908195,6.80675686329852,FALSE,0.163000000000011
"FULL","strong_aniso",12,20261909,"high",TRUE,NA,3.96830556047861,-1.60742939576366,5.57573495624227,0.42866882340556,13.3278058317225,1.03913953030207,0.466591480037724,0.270538796867911,-0.0260287902533386,-0.00523577265989622,0.0130789585951721,6.6874895616024,FALSE,0.163000000000011
"FULL","strong_aniso",13,20262006,"low",TRUE,NA,3.69963946760823,0.216911629215499,3.48272783839273,0.462034365271423,7.58441418686745,0.73926543834103,0.39271050305894,0.207435740774543,-0.0103144879670773,-0.00321025010642828,-0.00133744093839533,4.00033687773507,FALSE,0.293999999999983
"FULL","strong_aniso",13,20262006,"central",TRUE,NA,3.87327100478716,0.161643229016355,3.7116277757708,0.461997902565747,7.7133400855072,0.733716333231063,0.392481280931317,0.207307698157409,-0.0103509506727538,-0.00343947223405139,-0.00146548355552939,4.00031260403601,FALSE,0.166000000000054
"FULL","strong_aniso",13,20262006,"high",TRUE,NA,3.96830046204663,0.188805071017503,3.77949539102913,0.462006754734393,7.6450450543901,0.736464672966333,0.392594759873602,0.207371675316818,-0.0103420985041073,-0.00332599329176653,-0.00140150639611997,3.94836810889196,FALSE,0.175999999999931
"FULL","strong_aniso",14,20262103,"low",TRUE,NA,0.210056301246394,-1.78241667801972,1.99247297926611,0.46849538220075,20.1747994627457,0.794735567288532,0.555544735827702,0.353257656450588,-0.0633771711524011,0.0847477380006095,0.0969205053503132,7.90014683113483,FALSE,0.172000000000025
"FULL","strong_aniso",14,20262103,"central",TRUE,NA,0.270680728090532,-1.73032144324497,2.00100217133551,0.468515618565472,19.6162932288144,0.790537181221227,0.549344904401393,0.346876559881581,-0.0633569347876796,0.0785479065743007,0.090539408781306,7.82197967664276,FALSE,0.163999999999987
"FULL","strong_aniso",14,20262103,"high",TRUE,NA,0.318664683701433,-1.64371147155588,1.96237615525731,0.46892312913872,19.0150616718914,0.791066917044025,0.540309803915375,0.337601125596035,-0.0629494242144317,0.0695128060882824,0.0812639744957603,7.72399449697833,FALSE,0.163000000000011
"FULL","strong_aniso",15,20262200,"low",TRUE,NA,0.201876717953583,-1.65356921142493,1.85544592937851,0.420832654944868,19.6505795521296,1.11336645507823,0.474210526133007,0.2972409318663,-0.0336379031124784,0.0317215983523773,0.0613428809035683,3.20541368582274,FALSE,0.169999999999959
"FULL","strong_aniso",15,20262200,"central",TRUE,NA,0.290492686148421,-1.68167957589698,1.9721722620454,0.420850021882401,19.2355547644701,1.10872424328315,0.47020058070848,0.292887912347958,-0.0336205361749455,0.0277116529278501,0.0569898613852263,3.18022335754819,FALSE,0.16599999999994
"FULL","strong_aniso",15,20262200,"high",TRUE,NA,0.540874299944639,-1.9805474099521,2.52142170989674,0.421010969889548,18.7780821353737,1.11135982515383,0.460434602652677,0.283786331633265,-0.0334595881677986,0.0179456748720476,0.0478882806705338,3.31854044295594,FALSE,0.157999999999902
"FULL","strong_aniso",16,20262297,"low",TRUE,NA,3.69964186325516,-0.464084944716474,4.16372680797164,0.398741631711945,7.6168054043573,0.65983153009395,0.471323900174783,0.250137827928504,-0.0112853829725153,-0.00549530094389822,-0.00534955812650106,1.95818181207567,FALSE,0.16599999999994
"FULL","strong_aniso",16,20262297,"central",TRUE,NA,3.87327341621128,-0.486615218317208,4.35988863452849,0.398726162496963,7.68058523596503,0.66123739619618,0.471491116353384,0.250305322929218,-0.0113008521874973,-0.00532808476529684,-0.00518206312578645,1.86535187081379,FALSE,0.158000000000015
"FULL","strong_aniso",16,20262297,"high",TRUE,NA,3.86328207886173,-0.392659950707694,4.25594202956943,0.398852302831775,7.40264147394612,0.655832032616557,0.470867157384067,0.249660152778908,-0.0111747118526853,-0.00595204373461394,-0.00582723327609713,1.79767332141912,FALSE,0.163999999999987
"FULL","strong_aniso",17,20262394,"low",TRUE,NA,3.69963744896947,-0.867097358867903,4.56673480783737,0.456233961917755,10.0968668500384,0.659290976245095,0.434249152109932,0.244665322682231,-0.0184285029616428,-0.00962480412218542,-0.0102817453243031,4.04889762675386,FALSE,0.168999999999983
"FULL","strong_aniso",17,20262394,"central",TRUE,NA,3.87327109934045,-0.75709825865154,4.63036935799199,0.455930678808135,9.6764082945718,0.644608910131009,0.433826800039161,0.24414517114871,-0.0187317860712625,-0.010047156192956,-0.0108018968578242,4.00020759929359,FALSE,0.164999999999964
"FULL","strong_aniso",17,20262394,"high",TRUE,NA,3.96830223930379,-0.656764339093508,4.6250665783973,0.455841077928609,9.30971219050149,0.632893888129163,0.433489227952883,0.243731216449827,-0.0188213869507892,-0.0103847282792349,-0.0112158515567067,3.94053764067931,FALSE,0.189999999999941
"FULL","strong_aniso",18,20262491,"low",TRUE,NA,1.13530131749166,-0.656265818746519,1.79156713623818,0.335168449060473,10.8939539266258,0.699443099836074,0.434935346244991,0.221971283665268,-0.0127885273799644,0.00222601385583582,0.00527282600968731,1.86840045864899,FALSE,0.166000000000054
"FULL","strong_aniso",18,20262491,"central",TRUE,NA,1.3210496625208,-0.531622467763543,1.85267213028434,0.334834068696193,9.91770655125948,0.668683849086505,0.433528928934536,0.220483182512952,-0.0131229077442445,0.000819596545381052,0.00378472485737158,1.67536292919511,FALSE,0.171000000000049
"FULL","strong_aniso",18,20262491,"high",TRUE,NA,1.61411522940832,-0.389135491127587,2.00325072053591,0.335045558210126,8.8050650749038,0.640153886550352,0.432502358009407,0.219219617277617,-0.012911418230312,-0.000206974379748037,0.00252115962203622,1.4417366156427,FALSE,0.156999999999925
"FULL","strong_aniso",19,20262588,"low",TRUE,NA,0.924617486663585,2.1059846608119,-1.18136717414831,0.463268532781233,6.70036492995131,0.884064265572938,0.465879885928132,0.271222697103662,-Inf,-0.00108902256781673,-0.000369181250386041,2.62445365633643,FALSE,0.206999999999994
"FULL","strong_aniso",19,20262588,"central",TRUE,NA,0.954141634140374,2.16393187032875,-1.20979023618838,0.463196556652284,6.60128238913448,0.880723013887807,0.465880418771099,0.271199069609011,-Inf,-0.00108848972484948,-0.000392808745037276,2.55949878450924,FALSE,0.162000000000035
"FULL","strong_aniso",19,20262588,"high",TRUE,NA,1.0337219428418,2.30294203927861,-1.26922009643681,0.463070434239805,6.36545885922098,0.873319693749972,0.465887169244331,0.271129950833207,-Inf,-0.00108173925161759,-0.000461927520841177,2.40015769617637,FALSE,0.156000000000063
"FULL","strong_aniso",20,20262685,"low",TRUE,NA,-0.0938459479822152,-2.29690971730974,2.20306376932752,0.409561466001435,23.4812568539713,1.15403408139993,0.80359127159085,0.536398842479704,-0.0842455356639283,0.298065137575773,0.309357488961696,3.47363104575148,FALSE,0.161000000000058
"FULL","strong_aniso",20,20262685,"central",TRUE,NA,-0.0725451628851119,-2.20604168814729,2.13349652526218,0.409536061055237,23.0330658748622,1.14065099957231,0.778220580067312,0.51042475415628,-0.0842709406101256,0.272694446052234,0.283383400638272,3.38068875121129,FALSE,0.162000000000035
"FULL","strong_aniso",20,20262685,"high",TRUE,NA,-0.12039134620687,-2.10465122903872,1.98425988283185,0.409899130369321,23.0453827824469,1.14949264593456,0.750131602277975,0.481462123397983,-0.0839078712960415,0.244605468262897,0.254420769879975,3.30062661060394,FALSE,0.161000000000058
"FULL","strong_aniso",21,20262782,"low",TRUE,NA,1.43168575774955,-0.666682469467209,2.09836822721676,0.468109998406844,10.8316235834701,0.750637837082683,0.425255794779651,0.200166209398603,-0.0178429857491744,-0.0158614530114671,-0.0242392684979985,4.18898500770881,FALSE,0.222000000000094
"FULL","strong_aniso",21,20262782,"central",TRUE,NA,1.43010788601905,-0.591950898555191,2.02205878457424,0.468168344533354,10.630764717076,0.744466394310177,0.424615595284146,0.199802028790075,-0.0177846396226639,-0.0165016525069726,-0.0246034491065275,4.1144932798344,FALSE,0.169999999999959
"FULL","strong_aniso",21,20262782,"high",TRUE,NA,1.35142589872635,-0.521630933107726,1.87305683183407,0.468302876041836,10.6128760006711,0.741318668168795,0.42406978890425,0.19957532398874,-0.0176501081141827,-0.0170474588868685,-0.0248301539078621,4.03695622027593,FALSE,0.165000000000077
"FULL","strong_aniso",22,20262879,"low",TRUE,NA,3.69964403244227,-0.62029405345926,4.31993808590153,0.40680664943809,10.0567720526048,0.932773689900064,0.40732037954366,0.22241158935873,-0.0104439796632447,0.00601607411659466,0.00600004955708772,4.68910298620496,FALSE,0.169000000000096
"FULL","strong_aniso",22,20262879,"central",TRUE,NA,3.87326974934759,-0.537446443045545,4.41071619239314,0.40675616262217,9.79745808191873,0.924437031507,0.406397808206268,0.221595724420801,-0.0104944664791645,0.00509350277920312,0.00518418461915834,4.58052519156805,FALSE,0.163000000000011
"FULL","strong_aniso",22,20262879,"high",TRUE,NA,3.96830384117792,-0.438387088558761,4.40669092973668,0.406805909091911,9.4959449343401,0.91397659695756,0.405367702974701,0.220675746096174,-0.0104447200094236,0.0040633975476364,0.0042642062945312,4.47012088798405,FALSE,0.163000000000011
"FULL","strong_aniso",23,20262976,"low",TRUE,NA,1.20036860941832,-0.356563186980734,1.55693179639905,0.398502121729845,8.08954191609562,0.69585258567452,0.462715675901018,0.259632887111628,-0.00666626921119523,0.00678558728149448,0.0096360899700369,1.37128088293812,FALSE,0.161000000000058
"FULL","strong_aniso",23,20262976,"central",TRUE,NA,1.28969267665362,-0.386838277140026,1.67653095379365,0.398531952483273,7.99210236361358,0.69609066365907,0.46202743065422,0.259337682403632,-0.00663643845776696,0.00609734203469658,0.0093408852620413,1.41677177196874,FALSE,0.162000000000035
"FULL","strong_aniso",23,20262976,"high",TRUE,NA,1.29915765314547,-0.320799625386022,1.61995727853149,0.398645355583768,7.7805925189359,0.682788082374708,0.461283484373703,0.258670009095732,-0.00652303535727189,0.00535339575417965,0.0086732119541415,1.35425512805208,FALSE,0.165000000000077
"FULL","strong_aniso",24,20263073,"low",TRUE,NA,-0.00164795429201847,-0.339575213601365,0.337927259309347,0.415586675603352,16.5316000677885,1.01523343456971,0.489629472069035,0.246184331817943,-0.0386803814228273,0.00248227916779725,-0.000514021745046667,6.60956296229079,FALSE,0.18100000000004
"FULL","strong_aniso",24,20263073,"central",TRUE,NA,-0.0879046568737012,-0.237999370626617,0.150094713752916,0.415518051409389,16.4748850883544,1.00111254196739,0.491084502349412,0.247165742915997,-0.0387490056167905,0.00393730944817389,0.000467389353007303,6.59526399597633,FALSE,0.16700000000003
"FULL","strong_aniso",24,20263073,"high",TRUE,NA,0.0161492670946797,-0.227828119572762,0.243977386667441,0.415540584363642,15.9392418496957,0.995282191976961,0.489384553934328,0.245526079615087,-0.0387264726625378,0.00223736103309041,-0.00117227394790279,6.51592480951081,FALSE,0.169999999999959
"FULL","strong_aniso",25,20263170,"low",TRUE,NA,3.69963815191237,-2.87833621518039,6.57797436709277,0.506698438186029,16.0310137810319,0.822059330138479,0.969569112579565,0.791490667518848,-0.0343276832753344,0.506662008087629,0.536052683960896,7.88086523873628,FALSE,0.172000000000025
"FULL","strong_aniso",25,20263170,"central",TRUE,NA,3.87327079216326,-2.89211121778723,6.76538200995049,0.506681095875704,16.0462086788414,0.822680879602268,0.974039472928439,0.796052380672219,-0.0343450255856589,0.511132368436503,0.540614397114267,7.90093352447704,FALSE,0.161999999999921
"FULL","strong_aniso",25,20263170,"high",TRUE,NA,3.96830246115013,-2.7637403266181,6.73204278776823,0.506824464041512,15.8559561167018,0.817573275413723,0.930234904176913,0.751334993825542,-0.0342016574198515,0.467327799684976,0.495897010267591,7.77785131345897,FALSE,0.161000000000058
"FULL","strong_aniso",26,20263267,"low",TRUE,NA,-1.11523871810934,-1.56715861527928,0.451919897169937,0.385408496952282,28.185283278915,1.35681436567361,0.486106216106436,0.290151821864262,-0.020026111674885,0.0293307644688263,0.0443931014064828,8.97350081393546,FALSE,0.202999999999975
"FULL","strong_aniso",26,20263267,"central",TRUE,NA,-0.452429276536649,-0.919635536918168,0.46720626038152,0.390341020785685,19.723334749789,1.32303285634731,0.450411306584608,0.247348449713313,-0.0150935878414813,-0.00636414505300092,0.00158972925553383,8.0480475834564,FALSE,0.172000000000025
"FULL","strong_aniso",26,20263267,"high",TRUE,NA,3.96829751586242,-0.42438831181547,4.39268582767789,0.388938964878699,7.95751259078392,0.958606316131385,0.440369192639701,0.231958796155621,-0.0164956437484677,-0.0164062589979083,-0.0137999243021584,5.52163006485729,FALSE,0.163000000000011
"FULL","strong_aniso",27,20263364,"low",TRUE,NA,0.38208241574126,0.00663009545597326,0.375452320285287,0.468133546987527,12.4423229693194,1.17536410127831,0.462895789187901,0.24675806265783,-0.0345336872816264,0.00985719227849119,0.00344319599894391,5.11697984447867,FALSE,0.163000000000011
"FULL","strong_aniso",27,20263364,"central",TRUE,NA,0.476815991128807,-0.000562392133931002,0.477378383262738,0.468124543162342,12.0958580329803,1.16864178453359,0.461870348724037,0.245805410402181,-0.0345426911068109,0.00883175181462698,0.0024905437432951,5.10416788062794,FALSE,0.164000000000101
"FULL","strong_aniso",27,20263364,"high",TRUE,NA,0.554944737868461,0.108737630721548,0.446207107146913,0.468256959376745,11.3999574418601,1.14750129776641,0.461320887555741,0.245441308120974,-0.0344102748924083,0.00828229064633051,0.00212644146208826,4.98172430124369,FALSE,0.162000000000035
"FULL","strong_aniso",28,20263461,"low",TRUE,NA,3.69963949935579,-1.3356445412739,5.0352840406297,0.418357455955693,13.0679860679547,1.46267435003757,0.429903507648195,0.23300749122142,-0.0427825669181154,0.0215605275452229,0.00222727236762435,3.56977434156062,FALSE,0.166000000000054
"FULL","strong_aniso",28,20263461,"central",TRUE,NA,3.87327361034214,-1.30075824085702,5.17403185119915,0.418386288165343,12.9536962199787,1.45750164161764,0.429280275332513,0.232372867956814,-0.0427537347084654,0.0209372952295402,0.00159264910301898,3.6809224010783,FALSE,0.161000000000058
"FULL","strong_aniso",28,20263461,"high",TRUE,NA,3.65881798910916,-1.23693999741,4.89575798651916,0.418494222952146,12.7527418837493,1.44807407957759,0.428080445411144,0.231206182133331,-0.0426457999216623,0.0197374653081714,0.000425963279535535,3.47465302601902,FALSE,0.176999999999907
"FULL","strong_aniso",29,20263558,"low",TRUE,NA,3.61166596304711,-0.73703971951507,4.34870568256218,0.390489136266075,9.80931413333915,1.54631977299524,0.437400154911847,0.238741479080339,-0.0180832849854324,-0.0110055742923027,0.000769031255973301,2.22368576587046,FALSE,0.200000000000045
"FULL","strong_aniso",29,20263558,"central",TRUE,NA,3.82271520584287,-0.676240145547253,4.49895535139012,0.390579657180919,9.64250556814753,1.53235840212603,0.437192039511381,0.23808977737151,-0.0179927640705887,-0.0112136896927683,0.00011732954714419,2.04836044486752,FALSE,0.174999999999955
"FULL","strong_aniso",29,20263558,"high",TRUE,NA,3.40873336004074,-0.610852150110245,4.01958551015099,0.390777611505264,9.47999799698123,1.51683343778157,0.437001669835112,0.23740397587719,-0.0177948097462434,-0.011404059369038,-0.000568471947175103,2.26428226353563,FALSE,0.168999999999983
"FULL","strong_aniso",30,20263655,"low",TRUE,NA,3.10370681684517,-0.685882957665985,3.78958977451115,0.431390230846119,9.85353934451578,0.628006943708821,0.447549014368167,0.237091811913201,-Inf,0.00943929492590351,0.0100647191982628,5.90771872745074,FALSE,0.163000000000011
"FULL","strong_aniso",30,20263655,"central",TRUE,NA,3.87327784377003,-0.377936285342063,4.2512141291121,0.431079280126759,8.96807295922611,0.621919854252657,0.443179743563185,0.232539511892018,-Inf,0.00507002412092172,0.00551241917707912,5.8783200332177,FALSE,0.163000000000011
"FULL","strong_aniso",30,20263655,"high",TRUE,NA,3.96830242343154,-0.262848591307024,4.23115101473857,0.431250017025064,8.66467532008016,0.619300486191172,0.442181835557336,0.231413934317377,-Inf,0.00407211611507258,0.00438684160243857,5.81292457791604,FALSE,0.173000000000002
"FULL","strong_aniso",31,20263752,"low",TRUE,NA,3.69964618554933,-1.90613045089112,5.60577663644045,0.451327641308155,14.4669119063475,0.820962348661711,0.430553820781957,0.236807906465111,0.00270740321970919,-0.00562001797357847,0.000965227543844066,5.94742647603962,FALSE,0.174999999999955
"FULL","strong_aniso",31,20263752,"central",TRUE,NA,3.87327870461235,-1.83144901726352,5.70472772187587,0.451140996606366,14.1862330642711,0.81804885823422,0.429594188059129,0.235731337311946,0.00252075851792077,-0.00657965069640598,-0.000111341609321081,5.89647465328845,FALSE,0.162000000000035
"FULL","strong_aniso",31,20263752,"high",TRUE,NA,3.89589684817521,-1.7283249514183,5.6242217995935,0.450991992188249,13.7916047687342,0.814425141309505,0.428362421261516,0.234365155355274,0.00237175409980322,-0.00781141749401965,-0.00147752356599301,5.79795980596724,FALSE,0.160000000000082
"FULL","strong_aniso",32,20263849,"low",TRUE,NA,3.69963949215411,-0.385529018244122,4.08516851039823,0.406383109726913,8.22741556406801,0.789020552110271,0.43449834418582,0.224707340611384,-0.0101249295971502,-0.0124227129056748,-0.01509140891579,5.44467627585597,FALSE,0.170000000000073
"FULL","strong_aniso",32,20263849,"central",TRUE,NA,3.87327727605338,-0.349544822575566,4.22282209862895,0.406433690431743,8.13081413568994,0.782765229300946,0.434551850194847,0.224836221316978,-0.0100743488923202,-0.0123692068966475,-0.0149625282101966,5.38613137432203,FALSE,0.158000000000015
"FULL","strong_aniso",32,20263849,"high",TRUE,NA,3.71770621072524,-0.258991403691202,3.97669761441644,0.406675702340964,7.90501682415926,0.765542672927075,0.43474240985743,0.225213436073011,-0.00983233698309888,-0.0121786472340646,-0.0145853134541632,5.31685754528329,FALSE,0.164999999999964
"FULL","strong_aniso",33,20263946,"low",TRUE,NA,3.69964209874297,-0.387803534740946,4.08744563348391,0.456923292699905,8.47388531143822,0.769617913422264,0.404003009237685,0.217584840381638,-0.00477060539154739,-0.00010097811500781,-0.00158668019757532,1.9018226316881,FALSE,0.166999999999916
"FULL","strong_aniso",33,20263946,"central",TRUE,NA,3.87327402821237,-0.450138296236998,4.32341232444937,0.45683719584385,8.65727354996102,0.776385784177138,0.404584564460347,0.21815908230789,-0.00485670224760204,0.000480577107654145,-0.0010124382713235,1.83641294204596,FALSE,0.164000000000101
"FULL","strong_aniso",33,20263946,"high",TRUE,NA,3.94108737083335,-0.384908030189047,4.3259954010224,0.456922482060025,8.46100824055169,0.769371516042325,0.403970566292482,0.217557213340099,-0.00477141603142683,-0.000133421060211136,-0.00161430723911379,1.74334913551208,FALSE,0.175999999999931
"FULL","strong_aniso",34,20264043,"low",TRUE,NA,-0.0768812883716091,-1.22549074152717,1.14860945315557,0.441693209895875,21.5004072090016,1.20095376335917,0.49211999847449,0.266243847008948,-0.029472573863201,0.0226924437370892,0.026528998995417,2.47234349350329,FALSE,0.164999999999964
"FULL","strong_aniso",34,20264043,"central",TRUE,NA,0.0548167446412298,-1.10152973790479,1.15634648254602,0.440833422441492,19.9879655990851,1.17008674262301,0.485587331550902,0.260012177913059,-0.0303323613175837,0.0161597768135017,0.0202973298995284,2.30430002940346,FALSE,0.161000000000058
"FULL","strong_aniso",34,20264043,"high",TRUE,NA,0.11220041169377,-0.948020095307596,1.06022050700137,0.440393332688188,18.8592824430256,1.14942757656825,0.479736624112843,0.254489235417404,-0.0307724510708872,0.0103090693754425,0.0147743874038727,2.140787331969,FALSE,0.159999999999968
"FULL","strong_aniso",35,20264140,"low",TRUE,NA,0.680951102227698,-1.18750798535799,1.86845908758568,0.389979818722687,15.2561636186409,1.01307385169467,0.532382647345251,0.276830944749258,-0.035038802046585,0.0359690410566816,0.0174414982730204,2.2106522533349,FALSE,0.170999999999935
"FULL","strong_aniso",35,20264140,"central",TRUE,NA,0.826778112938402,-1.07733863455228,1.90411674749068,0.389636589670076,14.1924914064318,0.991511416380661,0.527737423036654,0.273249106895199,-0.0353820310991959,0.0313238167480852,0.0138596604189614,2.08454830233331,FALSE,0.154999999999973
"FULL","strong_aniso",35,20264140,"high",TRUE,NA,0.895361221344056,-0.955195478371348,1.8505566997154,0.389668459848804,13.4344270600769,0.964562226639541,0.52366297380487,0.270111494433711,-0.0353501609204677,0.0272493675163009,0.0107220479574738,1.95799352211451,FALSE,0.160000000000082
"FULL","strong_aniso",36,20264237,"low",TRUE,NA,0.123183437825808,-2.80182080356503,2.92500424139084,0.409260543880102,21.8616562506851,1.53988877928469,0.44367464592616,0.278706326509372,-0.0439820595014156,0.0193679162300217,0.0179851721005985,3.90162129199168,FALSE,0.163000000000011
"FULL","strong_aniso",36,20264237,"central",TRUE,NA,0.42113329854985,-2.56227207987323,2.98340537842308,0.409917293427908,19.5069883206447,1.38473882196449,0.43580928953242,0.270857357823104,-0.0433253099536089,0.0115025598362824,0.0101362034143309,3.60899834151972,FALSE,0.164999999999964
"FULL","strong_aniso",36,20264237,"high",TRUE,NA,0.824624801282927,-2.31758423256513,3.14220903384806,0.411435661367599,16.8695604136172,1.19641455937803,0.429079058877502,0.263118537282322,-0.041806942013918,0.00477232918136367,0.00239738287354874,3.32221636870476,FALSE,0.158999999999992
"FULL","strong_aniso",37,20264334,"low",TRUE,NA,0.638383538920152,-0.771549926580241,1.40993346550039,0.391725167999948,13.006562972348,0.919496625101832,0.47962122867091,0.309738065184372,-0.0298082545730915,0.0176097207543046,0.0176101704153415,1.80808064181064,FALSE,0.19399999999996
"FULL","strong_aniso",37,20264334,"central",TRUE,NA,0.74280110936456,-0.693841587999406,1.43664269736397,0.391780737113665,12.347197399345,0.913201574479385,0.477257669992874,0.307439641726759,-0.0297526854593751,0.0152461620762685,0.0153117469577287,1.71325730542159,FALSE,0.169999999999959
"FULL","strong_aniso",37,20264334,"high",TRUE,NA,0.729335793693171,-0.599802161604501,1.32913795529767,0.39211393184937,12.1131823583787,0.909730657616811,0.476241097188643,0.306121616094984,-0.02941949072367,0.0142295892720369,0.0139937213259543,1.62253692372474,FALSE,0.163999999999987
"FULL","strong_aniso",38,20264431,"low",TRUE,NA,1.08240534782251,-2.19467486810831,3.27708021593082,0.416205842883877,17.7652310825388,0.965763671195434,0.430316826572663,0.238079469553703,-0.0209203150696604,0.0191309744058612,0.00845321111207389,4.4277389090846,FALSE,0.166000000000054
"FULL","strong_aniso",38,20264431,"central",TRUE,NA,1.19332418329392,-2.26530857348323,3.45863275677715,0.416154943116011,17.5769514036841,0.9657947287575,0.429236243043917,0.236444178610646,-0.0209712148375271,0.0180503908771155,0.00681792016901664,4.46097062498668,FALSE,0.164999999999964
"FULL","strong_aniso",38,20264431,"high",TRUE,NA,1.29721645730379,-2.18344041031807,3.48065686762185,0.416356253534774,17.0659366392625,0.95054442324097,0.428187822177076,0.235746438547272,-0.020769904418764,0.0170019700102743,0.006120180105643,4.35291418675616,FALSE,0.160999999999945
"FULL","strong_aniso",39,20264528,"low",TRUE,NA,3.69963905304351,3.69964070408836,-1.65104485887193e-06,0.424344280984226,4.24078534317061,0.504228668875402,0.479707194556534,0.261065255631504,0.00794279462509911,0.000901180710782379,0.00154148942826504,1.52692892561406,FALSE,0.173999999999978
"FULL","strong_aniso",39,20264528,"central",TRUE,NA,3.8732692162966,3.87327714815806,-7.93186145917854e-06,0.424335029067032,4.23801257779491,0.504303839752745,0.479706661878392,0.261064330953773,0.00793354270790558,0.000900648032640061,0.00154056475053443,1.2893005313364,FALSE,0.162000000000035
"FULL","strong_aniso",39,20264528,"high",TRUE,NA,3.96829659584733,3.96830823743611,-1.16415887821687e-05,0.424331351792078,4.23690884830189,0.504331834986838,0.479706448193993,0.261063960763703,0.00792986543295165,0.000900434348241053,0.00154019456046489,1.16064482204062,FALSE,0.160999999999945
"FULL","strong_aniso",40,20264625,"low",TRUE,NA,3.60081941876252,-0.36213200288556,3.96295142164808,0.395145479532265,7.37861771597071,0.42686567577542,0.442130550642429,0.25411396719144,-0.0142085602874755,-0.0145073505695214,-0.0167823708365171,5.43700150211898,FALSE,0.168999999999983
"FULL","strong_aniso",40,20264625,"central",TRUE,NA,3.87327038006015,-0.341378630706484,4.21464901076663,0.395141168859003,7.30998971974168,0.424279488622293,0.442196617850138,0.254205007117943,-0.014212870960737,-0.0144412833618122,-0.0166913309100143,5.37802154077853,FALSE,0.161999999999921
"FULL","strong_aniso",40,20264625,"high",TRUE,NA,3.96830351116918,-0.236864559975742,4.20516807114493,0.395261945785288,7.00482532678656,0.413277177490798,0.442667307146032,0.254834853832793,-0.0140920940344525,-0.0139705940659183,-0.0160614841951646,5.26378680949038,FALSE,0.206999999999994
"FULL","strong_aniso",41,20264722,"low",TRUE,NA,0.00635308716135498,-1.2509028004367,1.25725588759806,0.426758739428676,18.4835762072658,1.30159066811993,0.439390683598749,0.281637842627631,-0.00376117652344882,0.0581570331788587,0.0535413532833805,8.00064343103793,FALSE,0.172000000000025
"FULL","strong_aniso",41,20264722,"central",TRUE,NA,0.0718613631285319,-1.23796280180511,1.30982416493364,0.426802267706535,18.0382632052666,1.29170224987112,0.437488731318284,0.279606134198656,-0.00371764824559057,0.0562550808983939,0.0515096448544057,7.94976291098858,FALSE,0.176999999999907
"FULL","strong_aniso",41,20264722,"high",TRUE,NA,1.37668979944712,0.623010743235649,0.753679056211469,0.430770782659276,6.77869997779274,0.634845548021517,0.390704022595249,0.234754515790184,0.000250866707151409,0.00947037217535868,0.00665802644593438,5.68211331841078,FALSE,0.158999999999992
"FULL","strong_aniso",42,20264819,"low",TRUE,NA,3.69963931047943,-0.221347671532636,3.92098698201206,0.472618030836097,8.77832546630566,0.794572688730629,0.409153386306964,0.212017801364094,-0.00628216900964695,-0.0107114162205125,-0.0093808647071596,2.09295578560207,FALSE,0.162000000000035
"FULL","strong_aniso",42,20264819,"central",TRUE,NA,3.87326784157805,-0.111425753588635,3.98469359516668,0.472802419749216,8.52603367951104,0.78337072962794,0.40992778055095,0.212685104602186,-0.00609778009652873,-0.00993702197652574,-0.0087135614690674,2.17816427572177,FALSE,0.168999999999983
"FULL","strong_aniso",42,20264819,"high",TRUE,NA,3.9683030639946,-0.0174015147822469,3.98570457877684,0.473131325773813,8.3187003852872,0.775081186550505,0.410728546188488,0.213369779587457,-0.00576887407193111,-0.00913625633898835,-0.00802888648379671,2.21569916595456,FALSE,0.158000000000015
"FULL","strong_aniso",43,20264916,"low",TRUE,NA,2.32652337444769,-1.20160460809674,3.52812798254443,0.508654333982257,9.56819321342743,0.58069385265253,0.495276458960529,0.312580966179618,-0.0255574410730975,0.0186744375870554,0.0282650978028457,3.46331345935758,FALSE,0.172000000000025
"FULL","strong_aniso",43,20264916,"central",TRUE,NA,2.56587252142013,-1.18234457465241,3.74821709607254,0.508650777120772,9.4142638702842,0.574712084381707,0.494226702436547,0.311336198621377,-0.0255609979345819,0.0176246810630735,0.0270203302446048,3.26919017869753,FALSE,0.162000000000035
"FULL","strong_aniso",43,20264916,"high",TRUE,NA,2.99922231218013,-1.08388505913192,4.08310737131205,0.508912696427744,9.03559198146904,0.558913066891589,0.489237734538475,0.305438653956604,-0.0252990786276103,0.0126357131650011,0.0211227855798321,2.88889049563168,FALSE,0.168999999999983
"FULL","strong_aniso",44,20265013,"low",TRUE,NA,3.69964275476671,3.54807775835808,0.151564996408632,0.511158566542259,3.78435853236165,0.785968121380122,0.471097478253119,0.248577133778215,0.0148610143313606,0.000329827780657432,0.000424858375754261,1.24367506774478,FALSE,0.16700000000003
"FULL","strong_aniso",44,20265013,"central",TRUE,NA,3.8732746218455,3.87327073196311,3.88988238707637e-06,0.511144587396379,3.7777933513938,0.785542389499277,0.471099473029481,0.248578511231402,0.0148470351854804,0.00033182255701969,0.000426235828941413,0.886326280235986,FALSE,0.22199999999998
"FULL","strong_aniso",44,20265013,"high",TRUE,NA,3.96830223856088,3.96829822667323,4.01188765707728e-06,0.511139300159681,3.77592325969565,0.785449648953505,0.471099627885513,0.248578795372969,0.0148417479487818,0.000331977413051632,0.000426519970508993,0.751937022148931,FALSE,0.168999999999983
"FULL","strong_aniso",45,20265110,"low",TRUE,NA,3.69964289745077,-0.607398559642196,4.30704145709297,0.47387318721371,9.10749304505244,0.751717006751931,0.474009181638406,0.256050584175182,-0.012248554122077,-0.0122287262696716,-0.0100416566783372,3.14194237746274,FALSE,0.182999999999993
"FULL","strong_aniso",45,20265110,"central",TRUE,NA,3.87327321528763,-0.560489903383363,4.43376311867099,0.473904470468928,8.96614109133027,0.747893830677004,0.473893916271159,0.25579693716095,-0.0122172708668589,-0.0123439916369186,-0.0102953036925694,3.26968312046454,FALSE,0.164999999999964
"FULL","strong_aniso",45,20265110,"high",TRUE,NA,-1.88124234385757,0.548807092981978,-2.43004943683955,0.480596156059742,18.544665674829,0.9562348909988,0.578113419943454,0.352068069526325,-0.00552558527604485,0.0918755120353765,0.0859758286728053,2.9163560282279,FALSE,0.173999999999978
"FULL","strong_aniso",46,20265207,"low",TRUE,NA,-0.606497112594479,-0.841197663806999,0.234700551212519,0.407256362895919,22.5620603061188,1.35228864439519,0.464536204964832,0.255021890649935,-0.0221448610744128,0.0275290874745832,0.0228164892204114,6.39635969482859,FALSE,0.166000000000054
"FULL","strong_aniso",46,20265207,"central",TRUE,NA,-0.517540022305809,-0.736893941344735,0.219353919038926,0.406998852990441,21.4344801411094,1.33841168259619,0.459904500960228,0.250557524490134,-0.0224023709798903,0.0228973834699791,0.0183521230606113,6.26497883940157,FALSE,0.157000000000039
"FULL","strong_aniso",46,20265207,"high",TRUE,NA,-0.384941915736322,-0.639775758352848,0.254833842616526,0.406942011455934,20.120330270388,1.32122053157673,0.455388093337207,0.246403829852548,-0.0224592125143975,0.0183809758469578,0.014198428423025,6.12331760942877,FALSE,0.171000000000049
"FULL","strong_aniso",47,20265304,"low",TRUE,NA,3.69963845341181,0.824859696791574,2.87477875662024,0.445863252826844,5.00599105492945,0.642722695515199,0.485921111303423,0.272216114520104,-0.000214434646446549,1.29177409632364e-05,0.000277031537168959,1.31210299811149,FALSE,0.200000000000045
"FULL","strong_aniso",47,20265304,"central",TRUE,NA,3.87327100760984,0.860720480667633,3.01255052694221,0.445884413838084,4.9404623614193,0.643652413845767,0.485932907347508,0.272171627582792,-0.000193273635207214,2.47137850482027e-05,0.000232544599857554,1.13530480788112,FALSE,0.160000000000082
"FULL","strong_aniso",47,20265304,"high",TRUE,NA,3.9623917622306,0.940010335849158,3.02238142638145,0.445981432773004,4.80651685807932,0.64634793515187,0.485931431293814,0.272045493607946,-9.62547002869574e-05,2.32377313539867e-05,0.000106410625010822,1.03934095218645,FALSE,0.166999999999916
"FULL","strong_aniso",48,20265401,"low",TRUE,NA,-1.62876440523724,-0.232867737905496,-1.39589666733174,0.482516479799942,24.3042100410703,1.15834628803334,0.509599548263089,0.296336724611728,-0.00934994054346178,0.0311601486868249,0.0407418384129901,6.09689031112515,FALSE,0.162000000000035
"FULL","strong_aniso",48,20265401,"central",TRUE,NA,-1.63515041373759,-0.3773128249429,-1.25783758879469,0.482013333186275,25.3291645393043,1.19851602596207,0.512664815740643,0.298536855273741,-0.00985308715712968,0.0342254161643794,0.0429419690750028,6.22452097225597,FALSE,0.154999999999973
"FULL","strong_aniso",48,20265401,"high",TRUE,NA,-1.59494564166779,-0.177008715806739,-1.41793692586105,0.482746282722417,23.786806638141,1.1406548078182,0.507602055877955,0.294710864337928,-0.00912013762098762,0.0291626563016913,0.0391159781391897,6.03159247366874,FALSE,0.163000000000011
"FULL","strong_aniso",49,20265498,"low",TRUE,NA,0.501927953255079,-2.78434936094574,3.28627731420082,0.436731491591422,19.8346496283277,1.05884205710181,0.60378424556907,0.376997453894399,-0.054001608573386,0.0810735359472469,0.0842122440182744,3.81698517804813,FALSE,0.162000000000035
"FULL","strong_aniso",49,20265498,"central",TRUE,NA,0.636027655138067,-2.67557362617441,3.31160128131248,0.436739966529492,18.8995191515565,1.03385888574627,0.591646799528033,0.366278410526564,-0.0539931336353157,0.0689360899062096,0.0734932006504394,3.69355077794434,FALSE,0.155999999999949
"FULL","strong_aniso",49,20265498,"high",TRUE,NA,0.792680528442533,-2.5235324709161,3.31621299935863,0.437540739690767,17.8406164313249,1.00411365848168,0.577981026025342,0.35415230980919,-0.0531923604740412,0.0552703164035184,0.0613670999330651,3.52962638771967,FALSE,0.155999999999949
"FULL","strong_aniso",50,20265595,"low",TRUE,NA,3.69964101884005,-2.27738899358274,5.97703001242279,0.44066925684882,14.5271523191179,0.982083264735438,0.511179398363556,0.303211702796621,-0.0319263413337665,0.0214480881466136,0.0122318152431254,4.24609706034389,FALSE,0.163000000000011
"FULL","strong_aniso",50,20265595,"central",TRUE,NA,3.87327073934997,-2.25537568064244,6.12864641999241,0.440700175555524,14.4721240032982,0.98113421171153,0.51040860051507,0.302652075140778,-0.0318954226270622,0.0206772902981285,0.0116721875872819,4.34202205933168,FALSE,0.167999999999893
"FULL","strong_aniso",50,20265595,"high",TRUE,NA,3.96829751404865,-2.14275810745669,6.11105562150534,0.441007771963312,14.1856310796624,0.97638632899237,0.506488164245312,0.299851554152465,-0.031587826219274,0.0167568540283705,0.00887166659896954,4.32292940653582,FALSE,0.16599999999994
