"mode","scenario","rep","seed","log10_l1","log10_l2","lambda1","lambda2","global_gcv","gdf","rss","valid","converged","n_sweeps","test_mse","ise","gcv_full","edf_full","elapsed","flat_1pct"
"FULL","smooth_smooth",1,20260829,-2.5,-4.5,0.00316227766016838,3.16227766016838e-05,0.172577508815017,47.8778236152436,19.968215740791,TRUE,TRUE,3,0.280173527600649,0.158631630194002,0.1800222636252,51.0565124268956,0.052,FALSE
"FULL","smooth_smooth",1,20260829,-2,-4.5,0.01,3.16227766016838e-05,0.170922968047725,42.2026945427133,21.2799006421349,TRUE,TRUE,3,0.207123808053749,0.0850921012195297,0.177602282376378,45.1983717342147,0.0670000000000002,FALSE
"FULL","smooth_smooth",1,20260829,-1.5,-4.5,0.0316227766016838,3.16227766016838e-05,0.16704183822114,36.0926577407278,22.4384101149195,TRUE,TRUE,3,0.175961659307688,0.0543117488875103,0.174219968108146,39.504790636421,0.0499999999999998,FALSE
"FULL","smooth_smooth",1,20260829,-1,-4.5,0.1,3.16227766016838e-05,0.16433760016983,30.3935177040428,23.6369718843267,TRUE,TRUE,3,0.178738401014715,0.0590975631734863,0.17158043524091,34.0118691180495,0.052,FALSE
"FULL","smooth_smooth",1,20260829,-0.5,-4.5,0.316227766016838,3.16227766016838e-05,0.169078372865802,25.587265409309,25.7166531146499,TRUE,TRUE,3,0.203267382196583,0.0876030447044031,0.175415760306922,28.7668223458715,0.0489999999999999,FALSE
"FULL","smooth_smooth",1,20260829,0,-4.5,1,3.16227766016838e-05,0.195322767044741,21.7375230496294,31.0343565873401,TRUE,TRUE,3,0.236637976292358,0.125523112818763,0.201582648443823,24.5272035273687,0.0489999999999999,FALSE
"FULL","smooth_smooth",1,20260829,0.5,-4.5,3.16227766016838,3.16227766016838e-05,0.253198183663572,18.7304481268622,41.598753040522,TRUE,TRUE,3,0.285236056042075,0.177333930407184,0.260200582169731,21.1861150381172,0.0540000000000003,FALSE
"FULL","smooth_smooth",1,20260829,-2.5,-4,0.00316227766016838,1e-04,0.172198848283729,47.5651898555462,20.006381918456,TRUE,TRUE,3,0.274305152802771,0.152633576822571,0.179990866019983,50.9012363845546,0.052,FALSE
"FULL","smooth_smooth",1,20260829,-2,-4,0.01,1e-04,0.170588284815351,41.996459324235,21.2937840378781,TRUE,TRUE,3,0.206353959951921,0.0842975220423288,0.178238193574791,45.4243667310481,0.048,FALSE
"FULL","smooth_smooth",1,20260829,-1.5,-4,0.0316227766016838,1e-04,0.166788761876379,35.9592204302655,22.4409086652329,TRUE,TRUE,3,0.176000593998974,0.0543473923334241,0.174377714364793,39.5684695676889,0.048,FALSE
"FULL","smooth_smooth",1,20260829,-1,-4,0.1,1e-04,0.164154807451892,30.305370948931,23.6352284292905,TRUE,TRUE,3,0.178367352397881,0.0587216223382892,0.17152116038428,33.9893130134741,0.0499999999999998,FALSE
"FULL","smooth_smooth",1,20260829,-0.5,-4,0.316227766016838,1e-04,0.168936027154952,25.5219630330306,25.7142471553627,TRUE,TRUE,3,0.202527634332917,0.0868630273626998,0.175874364506574,28.998218791199,0.0550000000000002,FALSE
"FULL","smooth_smooth",1,20260829,0,-4,1,1e-04,0.195196180746834,21.6846340779587,31.0326496586089,TRUE,TRUE,3,0.235928528907197,0.124825586228489,0.201642172322021,24.557929802575,0.052,FALSE
"FULL","smooth_smooth",1,20260829,0.5,-4,3.16227766016838,1e-04,0.253064841354398,18.6844725693344,41.5979388181709,TRUE,TRUE,3,0.28471082514707,0.176830495844764,0.260097223664247,21.152327184298,0.0500000000000003,FALSE
"FULL","smooth_smooth",1,20260829,-2.5,-3.5,0.00316227766016838,0.000316227766016838,0.171414577636409,46.7995439408036,20.1158261477021,TRUE,TRUE,3,0.260561068500578,0.138566546456738,0.179321280962339,50.2151053368314,0.0529999999999999,FALSE
"FULL","smooth_smooth",1,20260829,-2,-3.5,0.01,0.000316227766016838,0.16972840128172,41.4455685202811,21.3344422901739,TRUE,TRUE,3,0.204209189492623,0.0820748096462526,0.176756535852128,44.629735795047,0.0489999999999999,FALSE
"FULL","smooth_smooth",1,20260829,-1.5,-3.5,0.0316227766016838,0.000316227766016838,0.166081650607092,35.5820427276053,22.4486460914718,TRUE,TRUE,3,0.176023441917088,0.0543549116730757,0.173465590921034,39.1195010504202,0.0510000000000002,FALSE
"FULL","smooth_smooth",1,20260829,-1,-3.5,0.1,0.000316227766016838,0.163622390240779,30.0464880990588,23.630506118244,TRUE,TRUE,3,0.177265335348168,0.057603955574158,0.170746591296478,33.6298192812639,0.0489999999999999,FALSE
"FULL","smooth_smooth",1,20260829,-0.5,-3.5,0.316227766016838,0.000316227766016838,0.168513975041537,25.325980253552,25.7076605627995,TRUE,TRUE,3,0.200328794179466,0.08466299316467,0.174515568442713,28.3557781152622,0.06,FALSE
"FULL","smooth_smooth",1,20260829,0,-3.5,1,0.000316227766016838,0.19481872089309,21.5243862604427,31.0283341715434,TRUE,TRUE,3,0.233798329342543,0.122731140683437,0.198788605219364,23.3154866628676,0.0509999999999997,FALSE
"FULL","smooth_smooth",1,20260829,0.5,-3.5,3.16227766016838,0.000316227766016838,0.252666354341699,18.5447039600774,41.5964928175514,TRUE,TRUE,3,0.283126460165411,0.17531213908385,0.259788495851795,21.0491633938312,0.056,FALSE
"FULL","smooth_smooth",1,20260829,-2.5,-3,0.00316227766016838,0.001,0.170255462149812,45.2913307953636,20.3751286199789,TRUE,TRUE,3,0.237391508244439,0.114771843988919,0.177944435506076,48.6707180292934,0.052,FALSE
"FULL","smooth_smooth",1,20260829,-2,-3,0.01,0.001,0.168021612644016,40.2556681702977,21.4380888878766,TRUE,TRUE,3,0.199068901802231,0.0767037331461189,0.17556528976945,43.7252896374537,0.052,FALSE
"FULL","smooth_smooth",1,20260829,-1.5,-3,0.0316227766016838,0.001,0.164454796694887,34.6862302526871,22.4716317051665,TRUE,TRUE,3,0.175535334296616,0.0537904724078959,0.172251755578002,38.4710114641527,0.0500000000000003,FALSE
"FULL","smooth_smooth",1,20260829,-1,-3,0.1,0.001,0.162282839127865,29.3790355349865,23.6214953225939,TRUE,TRUE,3,0.174363611672346,0.0546518987959124,0.169527754343199,33.0646598085276,0.11,FALSE
"FULL","smooth_smooth",1,20260829,-0.5,-3,0.316227766016838,0.001,0.167406006815012,24.7932950782287,25.6946369369678,TRUE,TRUE,3,0.194522672134666,0.0788504904817943,0.173587338201663,27.9410696220803,0.0510000000000002,FALSE
"FULL","smooth_smooth",1,20260829,0,-3,1,0.001,0.193813629298712,21.0776390301497,31.0229832942142,TRUE,TRUE,3,0.228013817297102,0.117043322882273,0.200065772857738,23.8955301618772,0.0499999999999998,FALSE
"FULL","smooth_smooth",1,20260829,0.5,-3,3.16227766016838,0.001,0.251599072853013,18.1514063444175,41.6005367575514,TRUE,TRUE,3,0.278766411233659,0.171135764943141,0.258961453156592,20.7548416661355,0.052,FALSE
"FULL","smooth_smooth",1,20260829,-2.5,-2.5,0.00316227766016838,0.00316227766016838,0.168392157152305,42.7926497631398,20.8083459688628,TRUE,TRUE,3,0.211872291082523,0.0883534507561113,0.17510208599293,45.8341726667858,0.0500000000000003,FALSE
"FULL","smooth_smooth",1,20260829,-2,-2.5,0.01,0.00316227766016838,0.165414356567839,38.2422626192706,21.6408009918829,TRUE,TRUE,3,0.189947756052728,0.0670318009268603,0.173264744821829,41.9492497137507,0.0579999999999998,FALSE
"FULL","smooth_smooth",1,20260829,-1.5,-2.5,0.0316227766016838,0.00316227766016838,0.161728967746683,33.0711008462748,22.5330965543916,TRUE,TRUE,3,0.173024825463402,0.0509878819905018,0.169634932994474,37.0074362727703,0.0499999999999998,FALSE
"FULL","smooth_smooth",1,20260829,-1,-2.5,0.1,0.00316227766016838,0.15979198862967,28.0543618601332,23.6214923848503,TRUE,TRUE,3,0.168655782967415,0.0487907931362217,0.167111893568498,31.8623458250531,0.0530000000000004,FALSE
"FULL","smooth_smooth",1,20260829,-0.5,-2.5,0.316227766016838,0.00316227766016838,0.165213752134327,23.6432658248609,25.6921408646706,TRUE,TRUE,3,0.182977236635116,0.0672717724191566,0.171772728353709,27.0430420225408,0.0499999999999998,FALSE
"FULL","smooth_smooth",1,20260829,0,-2.5,1,0.00316227766016838,0.191778686234303,20.0627629619644,31.0464850701184,TRUE,TRUE,3,0.215746323641269,0.104976373842194,0.198305650102264,23.0487344624454,0.052,FALSE
"FULL","smooth_smooth",1,20260829,0.5,-2.5,3.16227766016838,0.00316227766016838,0.24941479561739,17.2391216416666,41.6541896888431,TRUE,TRUE,3,0.269204747753832,0.161986592855708,0.25724658855564,20.0423614207182,0.0489999999999999,FALSE
"FULL","smooth_smooth",1,20260829,-2.5,-2,0.00316227766016838,0.01,0.164831276248938,39.1699703364852,21.3178749197971,TRUE,TRUE,3,0.192869910230837,0.0682943089345753,0.170841181122233,42.0241611865905,0.0540000000000003,FALSE
"FULL","smooth_smooth",1,20260829,-2,-2,0.01,0.01,0.161804634278462,35.3270262204415,21.9384336723714,TRUE,TRUE,3,0.180292467448494,0.0564245356457268,0.168285430657774,38.5289954219344,0.0510000000000002,FALSE
"FULL","smooth_smooth",1,20260829,-1.5,-2,0.0316227766016838,0.01,0.158338872980324,30.7774966228787,22.6711622293695,TRUE,TRUE,3,0.168704219841528,0.045988039678052,0.164839568748719,34.1478310866681,0.0519999999999996,FALSE
"FULL","smooth_smooth",1,20260829,-1,-2,0.1,0.01,0.156722726608845,26.1605952289801,23.680912639522,TRUE,TRUE,3,0.162156379029194,0.0419153237093107,0.163858023414917,29.9876933202216,0.048,FALSE
"FULL","smooth_smooth",1,20260829,-0.5,-2,0.316227766016838,0.01,0.162499817912242,21.9315920276071,25.7630119397119,TRUE,TRUE,3,0.169266559837331,0.0534197394551828,0.169214387366606,25.5003049823579,0.0519999999999996,FALSE
"FULL","smooth_smooth",1,20260829,0,-2,1,0.01,0.189266664112098,18.4668330719717,31.1857433400387,TRUE,TRUE,3,0.199390092834475,0.0888334172079533,0.197019107579495,22.074221710685,0.0490000000000004,FALSE
"FULL","smooth_smooth",1,20260829,0.5,-2,3.16227766016838,0.01,0.2467156677023,15.7598338512987,41.8731244443661,TRUE,TRUE,3,0.255579422087398,0.148942364657763,0.254862043854833,18.7282610628881,0.0489999999999995,FALSE
"FULL","smooth_smooth",1,20260829,-2.5,-1.5,0.00316227766016838,0.0316227766016838,0.160616964056634,34.8110475554658,21.9140887019548,TRUE,TRUE,3,0.181655599344579,0.0557207563423437,0.165415827194346,37.2248235058584,0.0510000000000002,FALSE
"FULL","smooth_smooth",1,20260829,-2,-1.5,0.01,0.0316227766016838,0.15809444764817,31.7485810856462,22.3771149488026,TRUE,TRUE,3,0.174454778532369,0.049215425775437,0.163381005331923,34.4930398164131,0.0489999999999995,FALSE
"FULL","smooth_smooth",1,20260829,-1.5,-1.5,0.0316227766016838,0.0316227766016838,0.155311465735269,28.0082705358004,22.9714627091342,TRUE,TRUE,3,0.166370273302336,0.0425295589052656,0.160780420183366,30.9587314857036,0.0510000000000002,TRUE
"FULL","smooth_smooth",1,20260829,-1,-1.5,0.1,0.0316227766016838,0.154331684366236,24.0140213010076,23.8990829077856,TRUE,TRUE,3,0.159496534089629,0.0384850459981696,0.160080804086299,27.2030839650288,0.0489999999999995,TRUE
"FULL","smooth_smooth",1,20260829,-0.5,-1.5,0.316227766016838,0.0316227766016838,0.16064821763729,20.1255906337531,25.9887072861327,TRUE,TRUE,3,0.16188264033899,0.0455093646020981,0.166531721551683,23.3316101896258,0.0499999999999998,FALSE
"FULL","smooth_smooth",1,20260829,0,-1.5,1,0.0316227766016838,0.187727895129622,16.7908305872896,31.5059969556265,TRUE,TRUE,3,0.188495306880752,0.0776977965088211,0.193874163261711,19.7183007161586,0.0490000000000004,FALSE
"FULL","smooth_smooth",1,20260829,0.5,-1.5,3.16227766016838,0.0316227766016838,0.245186177540638,14.171072613282,42.3343238382292,TRUE,TRUE,3,0.245488343956029,0.138979333025814,0.252848411686318,17.0082105450049,0.0510000000000002,FALSE
"FULL","smooth_smooth",1,20260829,-3,-5,0.001,1e-05,0.171683114690065,52.6512591532688,18.6376197120792,TRUE,TRUE,3,0.401197745937074,0.281459312827189,0.178921400650635,55.6625341119168,NA,FALSE
"FULL","smooth_smooth",1,20260829,-2.5,-5,0.00316227766016838,1e-05,0.17271922640207,47.9875728957996,19.9557876950672,TRUE,TRUE,3,0.282257052649309,0.160760166583811,0.180076682942509,51.1253703297126,NA,FALSE
"FULL","smooth_smooth",1,20260829,-2,-5,0.01,1e-05,0.171037076622551,42.2720241465716,21.2753997659116,TRUE,TRUE,3,0.207379373954742,0.0853554678906852,0.178881016192771,45.7689782278333,NA,FALSE
"FULL","smooth_smooth",1,20260829,-1.5,-5,0.0316227766016838,1e-05,0.167125325057761,36.1365070668312,22.4376146728004,TRUE,TRUE,3,0.175945485411281,0.0542964263945386,0.174766232861081,39.7586562932459,NA,FALSE
"FULL","smooth_smooth",1,20260829,-1,-5,0.1,1e-05,0.164396998956945,30.4220840870601,23.6375508827217,TRUE,TRUE,3,0.178858154662503,0.0592188569894802,0.171746033470892,34.0898796507622,NA,FALSE
"FULL","smooth_smooth",1,20260829,-0.5,-5,0.316227766016838,1e-05,0.169124341960334,25.6082704829215,25.7174493827464,TRUE,TRUE,3,0.203506071791654,0.0878418076430402,0.175876321863603,28.9885232052734,NA,FALSE
"FULL","smooth_smooth",1,20260829,0,-5,1,1e-05,0.195363568312478,21.7544812896526,31.0349338062793,TRUE,TRUE,3,0.236866123391662,0.125747425087874,0.201590475186382,24.5289781218263,NA,FALSE
"FULL","smooth_smooth",1,20260829,0.5,-5,3.16227766016838,1e-05,0.253241130508992,18.7451733401894,41.5990495966088,TRUE,TRUE,3,0.285404707765094,0.177495592360404,0.260233879218319,21.1969219380353,NA,FALSE
"FULL","smooth_smooth",1,20260829,1,-5,10,1e-05,0.3131924654187,16.4486107325541,52.7590129360156,TRUE,TRUE,3,0.330086081970005,0.223000464028,0.320915125453217,18.6705955036221,NA,FALSE
"FULL","smooth_smooth",1,20260829,-3,-4.5,0.001,3.16227766016838e-05,0.17146392021226,52.4576199495223,18.6627794185455,TRUE,TRUE,3,0.393570658159074,0.27366829358669,0.179121069181593,55.645667493072,NA,FALSE
"FULL","smooth_smooth",1,20260829,1,-4.5,10,3.16227766016838e-05,0.313146889703768,16.4350917373269,52.7591062614569,TRUE,TRUE,3,0.3299656351345,0.222888304450084,0.319518729963618,18.2746340122064,NA,FALSE
"FULL","smooth_smooth",1,20260829,-3,-4,0.001,1e-04,0.170999794598996,51.9553514584326,18.7391988482429,TRUE,TRUE,3,0.373778692480768,0.253444513017387,0.178567496848807,55.1263832699926,NA,FALSE
"FULL","smooth_smooth",1,20260829,1,-4,10,1e-04,0.313005708990417,16.3929866664564,52.7595151094994,TRUE,TRUE,3,0.32959031464734,0.222538843689929,0.320746791109981,18.6221558974882,NA,FALSE
"FULL","smooth_smooth",1,20260829,-3,-3.5,0.001,0.000316227766016838,0.17047490531999,50.8813291085222,18.9537221782423,TRUE,TRUE,3,0.333927845786248,0.212679198412012,0.177892090437026,54.0231681855766,NA,FALSE
"FULL","smooth_smooth",1,20260829,1,-3.5,10,0.000316227766016838,0.312582490834993,16.2646781533618,52.7618434257738,TRUE,TRUE,3,0.328456139562433,0.221483145751407,0.320399282406203,18.5198160232647,NA,FALSE
"FULL","smooth_smooth",1,20260829,-3,-3,0.001,0.001,0.170373866575712,48.9551088237266,19.4350232834142,TRUE,TRUE,3,0.27971123725059,0.157052416440582,0.177244346230565,51.911499700309,NA,FALSE
"FULL","smooth_smooth",1,20260829,1,-3,10,0.001,0.311442064548871,15.9021224685467,52.7770166569877,TRUE,TRUE,3,0.325318113015518,0.218564833216379,0.319356910129099,18.19774843641,NA,FALSE
"FULL","smooth_smooth",1,20260829,-3,-2.5,0.001,0.00316227766016838,0.169731962655209,45.9094250194295,20.1504982365113,TRUE,TRUE,3,0.233263077468369,0.109170849550377,0.175737760729535,48.5653186189364,NA,FALSE
"FULL","smooth_smooth",1,20260829,1,-2.5,10,0.00316227766016838,0.309074758997776,15.0527940392715,52.8602354265925,TRUE,TRUE,3,0.318334343178686,0.212083085193854,0.317281996407896,17.4605113601273,NA,FALSE
"FULL","smooth_smooth",1,20260829,-3,-2,0.001,0.01,0.166639508515732,41.7202300142763,20.8736694263537,TRUE,TRUE,3,0.203980631469138,0.0788430666912232,0.171161892010433,43.825235676613,NA,FALSE
"FULL","smooth_smooth",1,20260829,1,-2,10,0.01,0.306093827207612,13.6540448676045,53.1452576032621,TRUE,TRUE,3,0.308087699370517,0.202585923918501,0.314842699162277,16.2613832231315,NA,FALSE
"FULL","smooth_smooth",1,20260829,-3,-1.5,0.001,0.0316227766016838,0.162335194450566,36.8187197910403,21.6134134779922,TRUE,TRUE,3,0.187179166793196,0.060854494450547,0.166018954148781,38.63927298401,NA,FALSE
"FULL","smooth_smooth",1,20260829,1,-1.5,10,0.0316227766016838,0.304462208857454,12.134185746919,53.7277825206,TRUE,TRUE,3,0.300362109943188,0.195200072315857,0.312947856544181,14.6987003106986,NA,FALSE
"FULL","smooth_smooth",1,20260829,-3,-1,0.001,0.1,0.161545840342723,31.9988294302207,22.797666679412,TRUE,TRUE,3,0.182504134944904,0.0541830026716348,0.164833527315055,33.6827017381502,NA,FALSE
"FULL","smooth_smooth",1,20260829,-2.5,-1,0.00316227766016838,0.1,0.15999047702721,30.5133452490784,22.9792131393845,TRUE,TRUE,3,0.179405441078693,0.0513776053412494,0.16308004554528,32.1264932969793,NA,FALSE
"FULL","smooth_smooth",1,20260829,-2,-1,0.01,0.1,0.157874407490814,28.1590224529079,23.3096207278796,TRUE,TRUE,3,0.175130765414401,0.0477588367880745,0.161631392870831,30.1679141192227,NA,FALSE
"FULL","smooth_smooth",1,20260829,-1.5,-1,0.0316227766016838,0.1,0.155596165372845,25.1686686504043,23.7797576139442,TRUE,TRUE,3,0.169545986596225,0.0436756365327029,0.159614821775742,27.3835817129137,NA,TRUE
"FULL","smooth_smooth",1,20260829,-1,-1,0.1,0.1,0.15505094321141,21.8306648679811,24.6099275715555,TRUE,TRUE,3,0.163639928456991,0.0408153578030359,0.1589100591711,24.0073742259308,NA,TRUE
"FULL","smooth_smooth",1,20260829,-0.5,-1,0.316227766016838,0.1,0.161679784403467,18.4267188677684,26.6519879909813,TRUE,TRUE,3,0.164639137679149,0.0465707675927455,0.165717272872293,20.6522579259212,NA,FALSE
"FULL","smooth_smooth",1,20260829,0,-1,1,0.1,0.188958077900654,15.3285185859335,32.220712001721,TRUE,TRUE,3,0.189204068836802,0.0768251927824166,0.193360997314097,17.4431532636682,NA,FALSE
"FULL","smooth_smooth",1,20260829,0.5,-1,3.16227766016838,0.1,0.246744875774777,12.7931649230516,43.2375969608312,TRUE,TRUE,3,0.245844273832597,0.137978285641957,0.252470712026732,14.9281910693999,NA,FALSE
"FULL","smooth_smooth",1,20260829,1,-1,10,0.1,0.306461189604299,10.8105294633362,54.8452993195114,TRUE,TRUE,3,0.301759135075094,0.195375241824902,0.313379256112846,12.9104283403636,NA,FALSE
"FULL","strong_aniso",1,20260842,1.5,1.5,31.6227766016838,31.6227766016838,0.334366618692451,8.67800744347706,61.1959538210492,TRUE,TRUE,3,0.47150625668308,0.240180663386644,0.323552427884417,5.50700185692825,0.0529999999999973,TRUE
"FULL","strong_aniso",1,20260842,2,1.5,100,31.6227766016838,0.334495613880708,8.12492953680098,61.5740239598684,TRUE,TRUE,3,0.471517906752471,0.23956281944701,0.323853263776978,4.99775196502695,0.0509999999999877,TRUE
"FULL","strong_aniso",1,20260842,2.5,1.5,316.227766016838,31.6227766016838,0.334528285648427,7.8316424170383,61.7684361378478,TRUE,TRUE,3,0.471676849950218,0.239383799817868,0.324101646165477,4.76499748923301,0.0519999999999641,TRUE
"FULL","strong_aniso",1,20260842,3,1.5,1000,31.6227766016838,0.334515503957517,7.70288846867389,61.848871090844,TRUE,TRUE,3,0.471775428473985,0.239337695158441,0.324182400896803,4.66172464974979,0.0500000000000114,TRUE
"FULL","strong_aniso",1,20260842,3.5,1.5,3162.27766016838,31.6227766016838,0.33450200774963,7.65117014585819,61.8796474134461,TRUE,TRUE,3,0.471821617473456,0.239326434400484,0.32416403732961,4.60545155539771,0.0539999999999736,TRUE
"FULL","strong_aniso",1,20260842,4,1.5,10000,31.6227766016838,0.334494825539171,7.63179290728582,61.8907866566072,TRUE,TRUE,3,0.471840600040514,0.239323675352731,0.324272172943084,4.62312525312373,0.0480000000000018,TRUE
"FULL","strong_aniso",1,20260842,4.5,1.5,31622.7766016838,31.6227766016838,0.334491863623224,7.62505398652426,61.8945748952583,TRUE,TRUE,3,0.471847530124241,0.239322939133083,0.324277667478957,4.61880127070594,0.0520000000000209,TRUE
"FULL","strong_aniso",1,20260842,1.5,2,31.6227766016838,100,0.333684467787706,7.89643083551894,61.5710930884178,TRUE,TRUE,3,0.472288847007997,0.240692712883002,0.323875070882778,5.00904198454311,0.0480000000000018,TRUE
"FULL","strong_aniso",1,20260842,2,2,100,100,0.334227816357473,7.51798933219944,61.9145740099945,TRUE,TRUE,3,0.472203712862089,0.240091918980094,0.32415686126548,4.5508287928586,0.0509999999999877,TRUE
"FULL","strong_aniso",1,20260842,2.5,2,316.227766016838,100,0.334405460185386,7.30211007656375,62.0865149287749,TRUE,TRUE,3,0.472288573900995,0.23991050470865,0.324438015924519,4.36445224201379,0.049000000000035,TRUE
"FULL","strong_aniso",1,20260842,3,2,1000,100,0.334415477912552,7.19629500963928,62.1565820192005,TRUE,TRUE,3,0.472355117171734,0.239858834186249,0.324499700265632,4.27248625414807,0.0519999999999641,TRUE
"FULL","strong_aniso",1,20260842,3.5,2,3162.27766016838,100,0.334402435448756,7.15158446697141,62.182987894582,TRUE,TRUE,3,0.472387937670281,0.239844749259993,0.324562942417752,4.25020094883162,0.0500000000000114,TRUE
"FULL","strong_aniso",1,20260842,4,2,10000,100,0.334394227160346,7.13393462762089,62.1928439851608,TRUE,TRUE,3,0.472402609905991,0.239841237300398,0.324324729627283,4.14916295136917,0.0529999999999973,TRUE
"FULL","strong_aniso",1,20260842,4.5,2,31622.7766016838,100,0.334390610151776,7.12737659893846,62.1964007852463,TRUE,TRUE,3,0.472408607830999,0.239840389575177,0.324584164156636,4.23549042385711,0.0500000000000114,TRUE
"FULL","strong_aniso",1,20260842,1.5,2.5,31.6227766016838,316.227766016838,0.333103860952662,7.48076357250053,61.7302352303661,TRUE,TRUE,3,0.472580155598626,0.240869860634556,0.323935568230215,4.77535326538118,0.0509999999999877,TRUE
"FULL","strong_aniso",1,20260842,2,2.5,100,316.227766016838,0.333855128989746,7.19340661250811,62.0542912459535,TRUE,TRUE,3,0.472504353761858,0.240297639467098,0.324272313224006,4.36526209611411,0.049000000000035,TRUE
"FULL","strong_aniso",1,20260842,2.5,2.5,316.227766016838,316.227766016838,0.334206269958156,7.05188293357917,62.2107858152113,TRUE,TRUE,3,0.472547463534789,0.240123162095816,0.324501235236437,4.18783723908023,0.0529999999999973,TRUE
"FULL","strong_aniso",1,20260842,3,2.5,1000,316.227766016838,0.334283596403666,6.97783102892455,62.2729519297641,TRUE,TRUE,3,0.472588445295183,0.240070692951235,0.324604043400429,4.12105252071021,0.0489999999999782,TRUE
"FULL","strong_aniso",1,20260842,3.5,2.5,3162.27766016838,316.227766016838,0.334285228669098,6.94257154041261,62.2960090733747,TRUE,TRUE,3,0.472611181781906,0.240054834310773,0.32453756412785,4.06316122018343,0.0520000000000209,TRUE
"FULL","strong_aniso",1,20260842,4,2.5,10000,316.227766016838,0.334279469874353,6.92787296772167,62.3044219930733,TRUE,TRUE,3,0.472621610768888,0.240050352049926,0.324387365347031,3.99291192795751,0.0509999999999877,TRUE
"FULL","strong_aniso",1,20260842,4.5,2.5,31622.7766016838,316.227766016838,0.33427624380171,6.92210834718361,62.3075412125175,TRUE,TRUE,3,0.472626222018502,0.240049227696386,0.324651377920206,4.08094411785187,0.0520000000000209,TRUE
"FULL","strong_aniso",1,20260842,1.5,3,31.6227766016838,1000,0.332851899892835,7.30821544363473,61.7941613095398,TRUE,TRUE,3,0.472651161426004,0.24091220431459,0.323949686022685,4.67855108723467,0.0489999999999782,TRUE
"FULL","strong_aniso",1,20260842,2,3,100,1000,0.333644145262462,7.04659470649037,62.1095535777556,TRUE,TRUE,3,0.472607822782399,0.240359316505865,0.324255081558648,4.27329128237401,0.0519999999999641,TRUE
"FULL","strong_aniso",1,20260842,2.5,3,316.227766016838,1000,0.334064487140893,6.9379135990648,62.2578767092384,TRUE,TRUE,3,0.472650052615615,0.240194733395513,0.324524804750087,4.12085407977793,0.0480000000000018,TRUE
"FULL","strong_aniso",1,20260842,3,3,1000,1000,0.334203832993936,6.8903540914691,62.3145360453275,TRUE,TRUE,3,0.472676098307322,0.240144594891164,0.324564191163776,4.04324164825721,0.0519999999999641,TRUE
"FULL","strong_aniso",1,20260842,3.5,3,3162.27766016838,1000,0.334230734180509,6.86627762658288,62.3350926356666,TRUE,TRUE,3,0.472690769970819,0.240128678439798,0.324657733342166,4.03955079491961,0.0480000000000018,TRUE
"FULL","strong_aniso",1,20260842,4,3,10000,1000,0.334231012518026,6.85492409821912,62.3424736097495,TRUE,TRUE,3,0.472698125545153,0.240123706283722,0.324667097490504,4.03077565874186,0.0540000000000305,TRUE
"FULL","strong_aniso",1,20260842,4.5,3,31622.7766016838,1000,0.334228991726247,6.85021211759743,62.3451385226608,TRUE,TRUE,3,0.472701422462614,0.240122281929502,0.324669541888102,4.02732495031886,0.0480000000000018,TRUE
"FULL","strong_aniso",1,20260842,1.5,3.5,31.6227766016838,3162.27766016838,0.332764730902204,7.24545665359356,61.8182264681876,TRUE,TRUE,3,0.472664206606577,0.240920370549616,0.323856516696877,4.61320463043263,0.0529999999999973,TRUE
"FULL","strong_aniso",1,20260842,2,3.5,100,3162.27766016838,0.333564170928354,6.98993635878336,62.1311379428311,TRUE,TRUE,3,0.472633002528527,0.240373377662298,0.324296122431262,4.25135077874476,0.0489999999999782,TRUE
"FULL","strong_aniso",1,20260842,2.5,3.5,316.227766016838,3162.27766016838,0.33399502439025,6.88971166041443,62.276016640707,TRUE,TRUE,3,0.472684437266515,0.240215070906718,0.324430551038016,4.06294440976942,0.0519999999999641,TRUE
"FULL","strong_aniso",1,20260842,3,3.5,1000,3162.27766016838,0.334156193662445,6.85300829784763,62.3297544907362,TRUE,TRUE,3,0.472709393724563,0.240167980224689,0.324627546235402,4.03883106003843,0.049000000000035,TRUE
"FULL","strong_aniso",1,20260842,3.5,3.5,3162.27766016838,3162.27766016838,0.334203589222524,6.8376625423535,62.3485012705878,TRUE,TRUE,3,0.472719143570792,0.240152817891147,0.324488878973684,3.96263746845322,0.0550000000000068,TRUE
"FULL","strong_aniso",1,20260842,4,3.5,10000,3162.27766016838,0.334212358237994,6.82998157367845,62.355095924456,TRUE,TRUE,3,0.472723965366858,0.240147859264123,0.324664483888251,4.01014910866986,0.0500000000000114,TRUE
"FULL","strong_aniso",1,20260842,4.5,3.5,31622.7766016838,3162.27766016838,0.334212418623733,6.82636987001279,62.3574389219711,TRUE,TRUE,3,0.472726307754175,0.240146290956631,0.324673578875232,4.00921215156296,0.0520000000000209,TRUE
"FULL","strong_aniso",1,20260842,1.5,4,31.6227766016838,10000,0.332731106394933,7.22251443764736,61.8266949557572,TRUE,TRUE,6,0.472666916792812,0.240922069633277,0.32366905263346,4.53659130199378,0.121999999999957,TRUE
"FULL","strong_aniso",1,20260842,2,4,100,10000,0.333541625696853,6.97097364394809,62.1391467741157,TRUE,TRUE,5,0.472637910180545,0.240376086644733,0.324028118613282,4.14948243311265,0.0629999999999882,TRUE
"FULL","strong_aniso",1,20260842,2.5,4,316.227766016838,10000,0.333970072188833,6.8716131908244,62.2830369084632,TRUE,TRUE,3,0.472692850985381,0.240219669825869,0.324532438409184,4.08358223485973,0.0539999999999736,TRUE
"FULL","strong_aniso",1,20260842,3,4,1000,10000,0.33413401445979,6.83759436806482,62.3355655123062,TRUE,TRUE,3,0.47272046019058,0.240174509378533,0.324353242127069,3.93285395639744,0.049000000000035,TRUE
"FULL","strong_aniso",1,20260842,3.5,4,3162.27766016838,10000,0.334188192686458,6.82570545387082,62.3533477638942,TRUE,TRUE,3,0.472729761619883,0.240160291913479,0.324673614703808,4.01565237147288,0.0509999999999877,TRUE
"FULL","strong_aniso",1,20260842,4,4,10000,10000,0.334203574223739,6.82083343297845,62.3593630687391,TRUE,TRUE,3,0.472733006276913,0.240155573677592,0.324673772929241,4.00624692750473,0.0469999999999686,TRUE
"FULL","strong_aniso",1,20260842,4.5,4,31622.7766016838,10000,0.334206374002708,6.81839771339455,62.3614580342608,TRUE,TRUE,3,0.472734549652746,0.240154013315578,0.324676897554387,4.00389786874992,0.0529999999999973,TRUE
"FULL","strong_aniso",1,20260842,1.5,4.5,31.6227766016838,31622.7766016838,0.332840241895458,7.24979434637484,61.829471384745,TRUE,TRUE,40,0.472667681402084,0.240922468106656,0.323961976122087,4.6263669485216,0.47399999999999,TRUE
"FULL","strong_aniso",1,20260842,2,4.5,100,31622.7766016838,0.333606328240513,6.98534243209328,62.1419483863232,TRUE,TRUE,10,0.472639145788675,0.240376737588366,0.324301174955166,4.23586007991409,0.149999999999977,TRUE
"FULL","strong_aniso",1,20260842,2.5,4.5,316.227766016838,31622.7766016838,0.333961752372358,6.86519098472644,62.2856275529147,TRUE,TRUE,39,0.472694536888761,0.240220566168678,0.324536345870434,4.08068704934964,0.137,TRUE
"FULL","strong_aniso",1,20260842,3,4.5,1000,31622.7766016838,0.334125090446781,6.8315408612564,62.3378076802647,TRUE,TRUE,3,0.472723174789162,0.240175983613863,0.324631051361984,4.02722988147326,0.0520000000000209,TRUE
"FULL","strong_aniso",1,20260842,3.5,4.5,3162.27766016838,31622.7766016838,0.334181253583659,6.82084157515261,62.3551929829262,TRUE,TRUE,3,0.472733280165971,0.240162366138736,0.324663325206107,4.00964660077179,0.0480000000000018,TRUE
"FULL","strong_aniso",1,20260842,4,4.5,10000,31622.7766016838,0.33419855740902,6.81700432842662,62.3608990785155,TRUE,TRUE,3,0.472736372793906,0.240157945059975,0.324674011089557,4.0039049650588,0.0510000000000446,TRUE
"FULL","strong_aniso",1,20260842,4.5,4.5,31622.7766016838,31622.7766016838,0.334203601199438,6.81550205117922,62.3628101522913,TRUE,TRUE,3,0.472737415579066,0.240156461061774,0.324677318201082,4.00190005033685,0.0489999999999782,TRUE
"FULL","strong_aniso",1,20260842,1,1,10,10,0.334743488203341,10.9183498273389,59.8385290910357,TRUE,TRUE,3,0.470551306703834,0.240670827962712,0.322231571859892,7.28238708751723,NA,TRUE
"FULL","strong_aniso",1,20260842,1.5,1,31.6227766016838,10,0.333819152299747,9.78778520682202,60.3890307465214,TRUE,TRUE,3,0.47003191816891,0.239148296259987,0.322062387215841,6.34705713825189,NA,TRUE
"FULL","strong_aniso",1,20260842,2,1,100,10,0.333624426573645,9.07729240181145,60.8055210252451,TRUE,TRUE,3,0.470196374844269,0.23851705732572,0.322145770722281,5.7055980192746,NA,TRUE
"FULL","strong_aniso",1,20260842,2.5,1,316.227766016838,10,0.333608985992221,8.73391658455929,61.0216117213043,TRUE,TRUE,3,0.470432135709902,0.238340954550563,0.322574969391129,5.49019316927094,NA,TRUE
"FULL","strong_aniso",1,20260842,3,1,1000,10,0.333598070237811,8.58990528659974,61.1115375180251,TRUE,TRUE,3,0.470564662125531,0.238298262576179,0.32268119188868,5.3789654560247,NA,TRUE
"FULL","strong_aniso",1,20260842,3.5,1,3162.27766016838,10,0.333588256006933,8.53493394933909,61.1448450839989,TRUE,TRUE,3,0.470621750615498,0.238287745656277,0.322659352104863,5.31361905505037,NA,TRUE
"FULL","strong_aniso",1,20260842,4,1,10000,10,0.333583240945525,8.51565656355536,61.156238848463,TRUE,TRUE,3,0.470642860594789,0.238284905177691,0.322501842887805,5.22704258269154,NA,TRUE
"FULL","strong_aniso",1,20260842,4.5,1,31622.7766016838,10,0.333581320252641,8.50928184467725,61.1599586831157,TRUE,TRUE,3,0.470649984542724,0.238284068422806,0.322778054909643,5.33109346905929,NA,TRUE
"FULL","strong_aniso",1,20260842,5,1,1e+05,10,0.333580693951257,8.50723981726901,61.1611482600334,TRUE,TRUE,3,0.47065228987596,0.238283810523535,0.322971771974536,4.4742527334648,NA,TRUE
"FULL","strong_aniso",1,20260842,1,1.5,10,31.6227766016838,0.334496934951882,9.49540690913567,60.6978137974958,TRUE,TRUE,3,0.472228728092432,0.241713624852763,0.323351468231434,6.24000985739428,NA,TRUE
"FULL","strong_aniso",1,20260842,5,1.5,1e+05,31.6227766016838,0.334490808318227,7.6228315151736,61.8958097373625,TRUE,TRUE,3,0.471849860131551,0.239322723862132,0.324535012669348,3.88188998398161,NA,TRUE
"FULL","strong_aniso",1,20260842,1,2,10,100,0.33332527856236,8.50799597571141,61.1138358658573,TRUE,TRUE,3,0.472980223896214,0.242180306835025,0.324111374379928,5.80525472639531,NA,TRUE
"FULL","strong_aniso",1,20260842,5,2,1e+05,100,0.334389231568013,7.12510268452206,62.197610928731,TRUE,TRUE,3,0.472410798622909,0.239840167964382,0.324585865391388,4.23409898862633,NA,TRUE
"FULL","strong_aniso",1,20260842,1,2.5,10,316.227766016838,0.332611647406512,8.0209231605085,61.2936177471991,TRUE,TRUE,3,0.473176411601489,0.242310452850728,0.324125818767097,5.52409006190617,NA,TRUE
"FULL","strong_aniso",1,20260842,5,2.5,1e+05,316.227766016838,0.334274876212396,6.91996861731008,62.3086673128133,TRUE,TRUE,3,0.472628109872643,0.24004895931531,0.324652928633027,4.07964158770057,NA,TRUE
"FULL","strong_aniso",1,20260842,1,3,10,1000,0.33233087119295,7.83010330828389,61.3636810196438,TRUE,TRUE,3,0.473211245199644,0.242337803279364,0.324123745698193,5.41280538633899,NA,TRUE
"FULL","strong_aniso",1,20260842,5,3,1e+05,1000,0.334227897820465,6.84836841364527,62.3461246998987,TRUE,TRUE,3,0.472702876139641,0.240121924135307,0.32494205586236,3.32509111723049,NA,TRUE
"FULL","strong_aniso",1,20260842,1,3.5,10,3162.27766016838,0.332235666133252,7.76326427630736,61.3887830180803,TRUE,TRUE,3,0.473217787430335,0.242343694448412,0.324041755587985,5.34843738021467,NA,TRUE
"FULL","strong_aniso",1,20260842,5,3.5,1e+05,3162.27766016838,0.334211748965083,6.82487043790019,62.3582820274636,TRUE,TRUE,3,0.472727349999404,0.24014583968908,0.324993711547555,3.29629124288328,NA,TRUE
"FULL","strong_aniso",1,20260842,1,4,10,10000,0.33220932234232,7.74237412803299,61.3972571149909,TRUE,TRUE,10,0.473219536929679,0.24234515537469,0.323816498776282,5.26017656206378,NA,TRUE
"FULL","strong_aniso",1,20260842,5,4,1e+05,10000,0.334206383487482,6.81725147423146,62.3621998472161,TRUE,TRUE,3,0.472735292007351,0.240153517764775,0.324677776515314,4.00299745023837,NA,TRUE
"FULL","strong_aniso",1,20260842,1,4.5,10,31622.7766016838,0.332202510238265,7.73609040403894,61.4000115198638,TRUE,TRUE,15,0.473220029563123,0.242345542675729,0.3241613453777,5.36604230890321,NA,TRUE
"FULL","strong_aniso",1,20260842,5,4.5,1e+05,31622.7766016838,0.334204425122999,6.81471259513074,62.3634735959093,TRUE,TRUE,3,0.47273790544075,0.240155968374555,0.324678521999407,4.00122084199462,NA,TRUE
"FULL","strong_aniso",1,20260842,1,5,10,1e+05,0.332173354770889,7.72627597980577,61.4008909375994,TRUE,TRUE,26,0.473220206840252,0.24234566210591,0.323633190071193,4.50260412184174,NA,TRUE
"FULL","strong_aniso",1,20260842,1.5,5,31.6227766016838,1e+05,0.332728103747459,7.21579215004258,61.8304489340767,TRUE,TRUE,26,0.472667903655124,0.240922609232316,0.323962343350415,4.62502680231608,NA,TRUE
"FULL","strong_aniso",1,20260842,2,5,100,1e+05,0.3335360789706,6.96359062551424,62.1428668498348,TRUE,TRUE,16,0.47263931783486,0.240376801853546,0.32440469629628,3.53338557916764,NA,TRUE
"FULL","strong_aniso",1,20260842,2.5,5,316.227766016838,1e+05,0.333959346048906,6.86309859464894,62.2865283425423,TRUE,TRUE,9,0.472694926381008,0.240220761618878,0.324536585540943,4.07934288811833,NA,TRUE
"FULL","strong_aniso",1,20260842,3,5,1000,1e+05,0.334123599999779,6.82983001543165,62.3386338285822,TRUE,TRUE,5,0.472723724899332,0.24017627321078,0.324631427107166,4.0260449237681,NA,TRUE
"FULL","strong_aniso",1,20260842,3.5,5,3162.27766016838,1e+05,0.334178687086268,6.81899752425126,62.3559045555501,TRUE,TRUE,10,0.472734145733058,0.240162835459894,0.324974316670695,3.29628454068575,NA,TRUE
"FULL","strong_aniso",1,20260842,4,5,10000,1e+05,0.334196451522766,6.81549052804042,62.3614834531983,TRUE,TRUE,22,0.472737488163941,0.240158602422948,0.324674161102721,4.00303196656948,NA,TRUE
"FULL","strong_aniso",1,20260842,4.5,5,31622.7766016838,1e+05,Inf,-61.582157088962,62.3632962038216,FALSE,TRUE,3,0.472738480678689,0.240157211569117,0.325702011096344,3.14974004396779,NA,FALSE
"FULL","strong_aniso",1,20260842,5,5,1e+05,1e+05,0.333300392886232,6.51175505938844,62.3900021439613,TRUE,TRUE,40,0.470292256321846,0.238180483496791,0.327726332080768,2.87637994909928,NA,TRUE
