"scenario","method","d","N","seed_design","seed_data","theta1","theta2","q_search","q_final","q_ref","in_valley_1pct","regret_rel","d_theta","aniso_ok","winner_source","n_explore","n_refine_starts","n_refine_evals","n_failed","n_als_search","n_als_total","n_theta_miss","elapsed"
"smooth_smooth","cgcv",2,0,NA,1,-1.95889216353807,-2.92538156437713,NA,0.176681078270577,0.176681078270577,TRUE,0,0.0851925181772775,NA,"cgcv",0,0,0,0,NA,NA,NA,0.231
"smooth_smooth","random",2,32,1,1,-1.5965100331232,-2.06396627239883,0.179757738176358,0.186833020031237,0.176681078270577,FALSE,0.0574591340512,1.0192954883532,TRUE,"explore_best",32,0,0,0,192,203,32,1.428
"smooth_smooth","lhs",2,32,1,1,-1.73532384738792,-2.54631611271179,0.172469518041812,0.177977320680611,0.176681078270577,TRUE,0.00733662270301803,0.525245214491739,TRUE,"explore_best",32,0,0,1,192,203,32,1.205
"smooth_smooth","sobol_pure",2,32,1,1,-1.719913368579,-1.9037610036321,0.182340438686137,0.189730958601193,0.176681078270577,FALSE,0.0738612219166523,1.13145413440336,TRUE,"explore_best",32,0,0,1,192,203,32,1.834
"smooth_smooth","sobol_refine",2,32,1,1,-1.86533968794702,-2.71555163284933,0.17179985825045,0.176741337936663,0.176681078270577,TRUE,0.000341064627158904,0.31471300134708,TRUE,"refined",32,3,178,1,1260,1271,210,6.062
"smooth_smooth","random",2,32,11,1,-2.10024990839884,-4.42141051171347,0.175635798870044,0.179246977164002,0.176681078270577,FALSE,0.014522771303758,1.4249413626334,TRUE,"explore_best",32,0,0,0,192,203,32,1.037
"smooth_smooth","lhs",2,32,11,1,-2.38116723150597,-4.44459463426028,0.17897822504671,0.182108037936883,0.176681078270577,FALSE,0.0307161339483939,1.49403551353625,TRUE,"explore_best",32,0,0,0,192,203,32,1.594
"smooth_smooth","sobol_pure",2,32,11,1,-1.75875205779448,-2.33856687089428,0.173698174510078,0.179691638401804,0.176681078270577,FALSE,0.0170395164026363,0.704055646875286,TRUE,"explore_best",32,0,0,0,192,203,32,0.937000000000001
"smooth_smooth","sobol_refine",2,32,11,1,-1.86539995118489,-2.71564303199332,0.171799858503139,0.176741065294804,0.176681078270577,TRUE,0.000339521497230914,0.314604606442724,TRUE,"refined",32,3,160,0,1152,1163,192,4.156
